[2026-06-27_042001] BazaarNama gdrive backup start
[2026-06-27_042001] BazaarNama gdrive backup done
[2026-06-27_052001] BazaarNama gdrive backup start
2026/06/27 05:20:53 NOTICE: app/ml_models/scalers/NAS100/xgboost_scaler.joblib: Duplicate object found in destination - ignoring
2026/06/27 05:20:54 NOTICE: app/ml_models/scalers/NZDUSD/lgbm_scaler.joblib: Duplicate object found in destination - ignoring
[2026-06-27_052001] BazaarNama gdrive backup done
[2026-06-27_062001] BazaarNama gdrive backup start
2026/06/27 06:20:56 NOTICE: app/ml_models/scalers/NAS100/xgboost_scaler.joblib: Duplicate object found in destination - ignoring
2026/06/27 06:20:56 NOTICE: app/ml_models/scalers/NZDUSD/lgbm_scaler.joblib: Duplicate object found in destination - ignoring
[2026-06-27_062001] BazaarNama gdrive backup done
[2026-06-27_072001] BazaarNama gdrive backup start
2026/06/27 07:20:50 NOTICE: app/ml_models/scalers/NAS100/xgboost_scaler.joblib: Duplicate object found in destination - ignoring
2026/06/27 07:20:50 NOTICE: app/ml_models/scalers/NZDUSD/lgbm_scaler.joblib: Duplicate object found in destination - ignoring
[2026-06-27_072001] BazaarNama gdrive backup done
[2026-06-27_082001] BazaarNama gdrive backup start
2026/06/27 08:20:55 NOTICE: app/ml_models/scalers/NAS100/xgboost_scaler.joblib: Duplicate object found in destination - ignoring
2026/06/27 08:20:55 NOTICE: app/ml_models/scalers/NZDUSD/lgbm_scaler.joblib: Duplicate object found in destination - ignoring
[2026-06-27_082001] BazaarNama gdrive backup done
[2026-06-27_092001] BazaarNama gdrive backup start
2026/06/27 09:20:54 NOTICE: app/ml_models/scalers/NAS100/xgboost_scaler.joblib: Duplicate object found in destination - ignoring
2026/06/27 09:20:55 NOTICE: app/ml_models/scalers/NZDUSD/lgbm_scaler.joblib: Duplicate object found in destination - ignoring
[2026-06-27_092001] BazaarNama gdrive backup done
[2026-06-27_102001] BazaarNama gdrive backup start
2026/06/27 10:20:53 NOTICE: app/ml_models/scalers/NAS100/xgboost_scaler.joblib: Duplicate object found in destination - ignoring
2026/06/27 10:20:53 NOTICE: app/ml_models/scalers/NZDUSD/lgbm_scaler.joblib: Duplicate object found in destination - ignoring
[2026-06-27_102001] BazaarNama gdrive backup done
[2026-06-27_112001] BazaarNama gdrive backup start
2026/06/27 11:20:55 NOTICE: app/ml_models/scalers/NAS100/xgboost_scaler.joblib: Duplicate object found in destination - ignoring
2026/06/27 11:20:55 NOTICE: app/ml_models/scalers/NZDUSD/lgbm_scaler.joblib: Duplicate object found in destination - ignoring
[2026-06-27_112001] BazaarNama gdrive backup done
[2026-06-27_122001] BazaarNama gdrive backup start
2026/06/27 12:20:55 NOTICE: app/ml_models/scalers/NAS100/lstm_scaler.joblib: Duplicate object found in destination - ignoring
2026/06/27 12:20:55 NOTICE: app/ml_models/scalers/NAS100/xgboost_scaler.joblib: Duplicate object found in destination - ignoring
[2026-06-27_122001] BazaarNama gdrive backup done
[2026-06-27_132001] BazaarNama gdrive backup start
2026/06/27 13:20:54 NOTICE: app/ml_models/scalers/NAS100/lstm_scaler.joblib: Duplicate object found in destination - ignoring
2026/06/27 13:20:54 NOTICE: app/ml_models/scalers/NAS100/xgboost_scaler.joblib: Duplicate object found in destination - ignoring
[2026-06-27_132001] BazaarNama gdrive backup done
[2026-06-27_142001] BazaarNama gdrive backup start
2026/06/27 14:20:42 NOTICE: app/ml_models/scalers/NAS100/lstm_scaler.joblib: Duplicate object found in destination - ignoring
2026/06/27 14:20:42 NOTICE: app/ml_models/scalers/NAS100/xgboost_scaler.joblib: Duplicate object found in destination - ignoring
[2026-06-27_142001] BazaarNama gdrive backup done
[2026-06-27_152001] BazaarNama gdrive backup start
2026/06/27 15:20:53 NOTICE: app/ml_models/scalers/NAS100/xgboost_scaler.joblib: Duplicate object found in destination - ignoring
2026/06/27 15:20:54 NOTICE: app/ml_models/scalers/NZDUSD/lgbm_scaler.joblib: Duplicate object found in destination - ignoring
[2026-06-27_152001] BazaarNama gdrive backup done
[2026-06-27_162002] BazaarNama gdrive backup start
2026/06/27 16:20:38 NOTICE: app/ml_models/scalers/DE40/xgboost_scaler.joblib: Duplicate object found in destination - ignoring
2026/06/27 16:20:38 NOTICE: app/ml_models/scalers/NAS100/xgboost_scaler.joblib: Duplicate object found in destination - ignoring
[2026-06-27_162002] BazaarNama gdrive backup done
[2026-06-27_172001] BazaarNama gdrive backup start
2026/06/27 17:20:38 NOTICE: app/ml_models/scalers/NAS100/lstm_scaler.joblib: Duplicate object found in destination - ignoring
2026/06/27 17:20:38 NOTICE: app/ml_models/scalers/NAS100/xgboost_scaler.joblib: Duplicate object found in destination - ignoring
[2026-06-27_172001] BazaarNama gdrive backup done
[2026-06-27_182001] BazaarNama gdrive backup start
2026/06/27 18:20:40 NOTICE: app/ml_models/scalers/NAS100/xgboost_scaler.joblib: Duplicate object found in destination - ignoring
2026/06/27 18:20:40 NOTICE: app/ml_models/scalers/DE40/xgboost_scaler.joblib: Duplicate object found in destination - ignoring
[2026-06-27_182001] BazaarNama gdrive backup done
[2026-06-27_192001] BazaarNama gdrive backup start
2026/06/27 19:20:38 NOTICE: app/ml_models/scalers/DE40/lstm_scaler.joblib: Duplicate object found in destination - ignoring
2026/06/27 19:20:38 NOTICE: app/ml_models/scalers/DE40/xgboost_scaler.joblib: Duplicate object found in destination - ignoring
[2026-06-27_192001] BazaarNama gdrive backup done
[2026-06-27_202001] BazaarNama gdrive backup start
2026/06/27 20:21:10 NOTICE: app/ml_models/scalers/NZDUSD/lgbm_scaler.joblib: Duplicate object found in destination - ignoring
2026/06/27 20:21:10 NOTICE: app/ml_models/scalers/NAS100/xgboost_scaler.joblib: Duplicate object found in destination - ignoring
[2026-06-27_202001] BazaarNama gdrive backup done
[2026-06-27_212001] BazaarNama gdrive backup start
2026/06/27 21:20:38 NOTICE: app/ml_models/scalers/NAS100/xgboost_scaler.joblib: Duplicate object found in destination - ignoring
2026/06/27 21:20:38 NOTICE: app/ml_models/scalers/NZDUSD/lgbm_scaler.joblib: Duplicate object found in destination - ignoring
[2026-06-27_212001] BazaarNama gdrive backup done
[2026-06-27_222001] BazaarNama gdrive backup start
2026/06/27 22:20:57 NOTICE: app/ml_models/scalers/DE40/lstm_scaler.joblib: Duplicate object found in destination - ignoring
2026/06/27 22:20:57 NOTICE: app/ml_models/scalers/DE40/xgboost_scaler.joblib: Duplicate object found in destination - ignoring
[2026-06-27_222001] BazaarNama gdrive backup done
[2026-06-27_232001] BazaarNama gdrive backup start
2026/06/27 23:20:39 NOTICE: app/ml_models/scalers/DE40/lstm_scaler.joblib: Duplicate object found in destination - ignoring
2026/06/27 23:20:39 NOTICE: app/ml_models/scalers/DE40/xgboost_scaler.joblib: Duplicate object found in destination - ignoring
[2026-06-27_232001] BazaarNama gdrive backup done
[2026-06-28_002001] BazaarNama gdrive backup start
2026/06/28 00:20:40 NOTICE: app/ml_models/scalers/DE40/lstm_scaler.joblib: Duplicate object found in destination - ignoring
2026/06/28 00:20:40 NOTICE: app/ml_models/scalers/DE40/xgboost_scaler.joblib: Duplicate object found in destination - ignoring
[2026-06-28_002001] BazaarNama gdrive backup done
[2026-06-28_012001] BazaarNama gdrive backup start
2026/06/28 01:20:39 NOTICE: app/ml_models/scalers/DE40/lstm_scaler.joblib: Duplicate object found in destination - ignoring
2026/06/28 01:20:39 NOTICE: app/ml_models/scalers/DE40/xgboost_scaler.joblib: Duplicate object found in destination - ignoring
[2026-06-28_012001] BazaarNama gdrive backup done
[2026-06-28_022001] BazaarNama gdrive backup start
2026/06/28 02:20:52 NOTICE: app/ml_models/scalers/DE40/lstm_scaler.joblib: Duplicate object found in destination - ignoring
2026/06/28 02:20:52 NOTICE: app/ml_models/scalers/DE40/xgboost_scaler.joblib: Duplicate object found in destination - ignoring
[2026-06-28_022001] BazaarNama gdrive backup done
[2026-06-28_032001] BazaarNama gdrive backup start
2026/06/28 03:20:39 NOTICE: app/ml_models/scalers/NAS100/lstm_scaler.joblib: Duplicate object found in destination - ignoring
2026/06/28 03:20:39 NOTICE: app/ml_models/scalers/NAS100/xgboost_scaler.joblib: Duplicate object found in destination - ignoring
[2026-06-28_032001] BazaarNama gdrive backup done
[2026-06-28_042001] BazaarNama gdrive backup start
2026/06/28 04:20:38 NOTICE: app/ml_models/scalers/DE40/xgboost_scaler.joblib: Duplicate object found in destination - ignoring
2026/06/28 04:20:38 NOTICE: app/ml_models/scalers/NZDUSD/lgbm_scaler.joblib: Duplicate object found in destination - ignoring
[2026-06-28_042001] BazaarNama gdrive backup done
[2026-06-28_052001] BazaarNama gdrive backup start
2026/06/28 05:20:39 NOTICE: app/ml_models/scalers/DE40/lstm_scaler.joblib: Duplicate object found in destination - ignoring
2026/06/28 05:20:39 NOTICE: app/ml_models/scalers/DE40/xgboost_scaler.joblib: Duplicate object found in destination - ignoring
[2026-06-28_052001] BazaarNama gdrive backup done
[2026-06-28_062001] BazaarNama gdrive backup start
2026/06/28 06:20:55 NOTICE: app/ml_models/scalers/NAS100/lstm_scaler.joblib: Duplicate object found in destination - ignoring
2026/06/28 06:20:55 NOTICE: app/ml_models/scalers/NAS100/xgboost_scaler.joblib: Duplicate object found in destination - ignoring
[2026-06-28_062001] BazaarNama gdrive backup done
[2026-06-28_072001] BazaarNama gdrive backup start
2026/06/28 07:20:39 NOTICE: app/ml_models/scalers/NAS100/lstm_scaler.joblib: Duplicate object found in destination - ignoring
2026/06/28 07:20:39 NOTICE: app/ml_models/scalers/NAS100/xgboost_scaler.joblib: Duplicate object found in destination - ignoring
[2026-06-28_072001] BazaarNama gdrive backup done
[2026-06-28_082001] BazaarNama gdrive backup start
2026/06/28 08:20:38 NOTICE: app/ml_models/scalers/NAS100/lstm_scaler.joblib: Duplicate object found in destination - ignoring
2026/06/28 08:20:38 NOTICE: app/ml_models/scalers/NAS100/xgboost_scaler.joblib: Duplicate object found in destination - ignoring
[2026-06-28_082001] BazaarNama gdrive backup done
[2026-06-28_092001] BazaarNama gdrive backup start
2026/06/28 09:20:38 NOTICE: app/ml_models/scalers/NAS100/lstm_scaler.joblib: Duplicate object found in destination - ignoring
2026/06/28 09:20:38 NOTICE: app/ml_models/scalers/NAS100/xgboost_scaler.joblib: Duplicate object found in destination - ignoring
[2026-06-28_092001] BazaarNama gdrive backup done
[2026-06-28_102001] BazaarNama gdrive backup start
2026/06/28 10:20:58 NOTICE: app/ml_models/scalers/NZDUSD/lgbm_scaler.joblib: Duplicate object found in destination - ignoring
2026/06/28 10:20:58 NOTICE: app/ml_models/scalers/DE40/xgboost_scaler.joblib: Duplicate object found in destination - ignoring
[2026-06-28_102001] BazaarNama gdrive backup done
[2026-06-28_112001] BazaarNama gdrive backup start
2026/06/28 11:20:38 NOTICE: app/ml_models/scalers/NAS100/xgboost_scaler.joblib: Duplicate object found in destination - ignoring
2026/06/28 11:20:38 NOTICE: app/ml_models/scalers/DE40/xgboost_scaler.joblib: Duplicate object found in destination - ignoring
[2026-06-28_112001] BazaarNama gdrive backup done
[2026-06-28_122001] BazaarNama gdrive backup start
2026/06/28 12:20:38 NOTICE: app/ml_models/scalers/NAS100/lstm_scaler.joblib: Duplicate object found in destination - ignoring
2026/06/28 12:20:38 NOTICE: app/ml_models/scalers/NAS100/xgboost_scaler.joblib: Duplicate object found in destination - ignoring
[2026-06-28_122001] BazaarNama gdrive backup done
[2026-06-28_132001] BazaarNama gdrive backup start
2026/06/28 13:20:38 NOTICE: app/ml_models/scalers/NAS100/lstm_scaler.joblib: Duplicate object found in destination - ignoring
2026/06/28 13:20:38 NOTICE: app/ml_models/scalers/NAS100/xgboost_scaler.joblib: Duplicate object found in destination - ignoring
[2026-06-28_132001] BazaarNama gdrive backup done
[2026-06-28_142001] BazaarNama gdrive backup start
2026/06/28 14:20:38 NOTICE: app/ml_models/scalers/DE40/lstm_scaler.joblib: Duplicate object found in destination - ignoring
2026/06/28 14:20:38 NOTICE: app/ml_models/scalers/DE40/xgboost_scaler.joblib: Duplicate object found in destination - ignoring
[2026-06-28_142001] BazaarNama gdrive backup done
[2026-06-28_152001] BazaarNama gdrive backup start
2026/06/28 15:20:59 NOTICE: app/ml_models/scalers/NAS100/lstm_scaler.joblib: Duplicate object found in destination - ignoring
2026/06/28 15:20:59 NOTICE: app/ml_models/scalers/NAS100/xgboost_scaler.joblib: Duplicate object found in destination - ignoring
[2026-06-28_152001] BazaarNama gdrive backup done
[2026-06-28_162001] BazaarNama gdrive backup start
2026/06/28 16:20:39 NOTICE: app/ml_models/scalers/NAS100/lstm_scaler.joblib: Duplicate object found in destination - ignoring
2026/06/28 16:20:39 NOTICE: app/ml_models/scalers/NAS100/xgboost_scaler.joblib: Duplicate object found in destination - ignoring
[2026-06-28_162001] BazaarNama gdrive backup done
[2026-06-28_172001] BazaarNama gdrive backup start
2026/06/28 17:20:38 NOTICE: app/ml_models/scalers/DE40/lstm_scaler.joblib: Duplicate object found in destination - ignoring
2026/06/28 17:20:38 NOTICE: app/ml_models/scalers/DE40/xgboost_scaler.joblib: Duplicate object found in destination - ignoring
[2026-06-28_172001] BazaarNama gdrive backup done
[2026-06-28_182001] BazaarNama gdrive backup start
2026/06/28 18:20:38 NOTICE: app/ml_models/scalers/DE40/lstm_scaler.joblib: Duplicate object found in destination - ignoring
2026/06/28 18:20:38 NOTICE: app/ml_models/scalers/DE40/xgboost_scaler.joblib: Duplicate object found in destination - ignoring
[2026-06-28_182001] BazaarNama gdrive backup done
[2026-06-28_192001] BazaarNama gdrive backup start
2026/06/28 19:21:11 NOTICE: app/ml_models/scalers/DE40/lstm_scaler.joblib: Duplicate object found in destination - ignoring
2026/06/28 19:21:11 NOTICE: app/ml_models/scalers/DE40/xgboost_scaler.joblib: Duplicate object found in destination - ignoring
[2026-06-28_192001] BazaarNama gdrive backup done
[2026-06-28_202001] BazaarNama gdrive backup start
2026/06/28 20:20:38 NOTICE: app/ml_models/scalers/NAS100/xgboost_scaler.joblib: Duplicate object found in destination - ignoring
2026/06/28 20:20:38 NOTICE: app/ml_models/scalers/NZDUSD/lgbm_scaler.joblib: Duplicate object found in destination - ignoring
[2026-06-28_202001] BazaarNama gdrive backup done
[2026-06-28_212001] BazaarNama gdrive backup start
2026/06/28 21:20:38 NOTICE: app/ml_models/scalers/NAS100/lstm_scaler.joblib: Duplicate object found in destination - ignoring
2026/06/28 21:20:38 NOTICE: app/ml_models/scalers/NAS100/xgboost_scaler.joblib: Duplicate object found in destination - ignoring
[2026-06-28_212001] BazaarNama gdrive backup done
[2026-06-28_222001] BazaarNama gdrive backup start
2026/06/28 22:20:38 NOTICE: app/ml_models/scalers/NAS100/lstm_scaler.joblib: Duplicate object found in destination - ignoring
2026/06/28 22:20:38 NOTICE: app/ml_models/scalers/NAS100/xgboost_scaler.joblib: Duplicate object found in destination - ignoring
[2026-06-28_222001] BazaarNama gdrive backup done
[2026-06-28_232001] BazaarNama gdrive backup start
2026/06/28 23:20:57 NOTICE: app/ml_models/scalers/NAS100/lstm_scaler.joblib: Duplicate object found in destination - ignoring
2026/06/28 23:20:57 NOTICE: app/ml_models/scalers/NAS100/xgboost_scaler.joblib: Duplicate object found in destination - ignoring
[2026-06-28_232001] BazaarNama gdrive backup done
[2026-06-29_002001] BazaarNama gdrive backup start
2026/06/29 00:20:49 NOTICE: app/ml_models/scalers/DE40/lstm_scaler.joblib: Duplicate object found in destination - ignoring
2026/06/29 00:20:49 NOTICE: app/ml_models/scalers/DE40/xgboost_scaler.joblib: Duplicate object found in destination - ignoring
[2026-06-29_002001] BazaarNama gdrive backup done
[2026-06-29_012001] BazaarNama gdrive backup start
2026/06/29 01:20:38 NOTICE: app/ml_models/scalers/NAS100/lstm_scaler.joblib: Duplicate object found in destination - ignoring
2026/06/29 01:20:38 NOTICE: app/ml_models/scalers/NAS100/xgboost_scaler.joblib: Duplicate object found in destination - ignoring
[2026-06-29_012001] BazaarNama gdrive backup done
[2026-06-29_022001] BazaarNama gdrive backup start
2026/06/29 02:20:56 NOTICE: app/ml_models/scalers/DE40/lstm_scaler.joblib: Duplicate object found in destination - ignoring
2026/06/29 02:20:56 NOTICE: app/ml_models/scalers/DE40/xgboost_scaler.joblib: Duplicate object found in destination - ignoring
[2026-06-29_022001] BazaarNama gdrive backup done
[2026-06-29_032001] BazaarNama gdrive backup start
2026/06/29 03:20:53 NOTICE: app/ml_models/scalers/DE40/lstm_scaler.joblib: Duplicate object found in destination - ignoring
2026/06/29 03:20:53 NOTICE: app/ml_models/scalers/DE40/xgboost_scaler.joblib: Duplicate object found in destination - ignoring
[2026-06-29_032001] BazaarNama gdrive backup done
[2026-06-29_042001] BazaarNama gdrive backup start
2026/06/29 04:20:38 NOTICE: app/ml_models/scalers/DE40/xgboost_scaler.joblib: Duplicate object found in destination - ignoring
2026/06/29 04:20:38 NOTICE: app/ml_models/scalers/NZDUSD/lgbm_scaler.joblib: Duplicate object found in destination - ignoring
[2026-06-29_042001] BazaarNama gdrive backup done
[2026-06-29_052001] BazaarNama gdrive backup start
2026/06/29 05:20:43 NOTICE: app/ml_models/scalers/DE40/xgboost_scaler.joblib: Duplicate object found in destination - ignoring
2026/06/29 05:20:43 NOTICE: app/ml_models/scalers/NZDUSD/lgbm_scaler.joblib: Duplicate object found in destination - ignoring
[2026-06-29_052001] BazaarNama gdrive backup done
[2026-06-29_062001] BazaarNama gdrive backup start
2026/06/29 06:20:58 NOTICE: app/ml_models/scalers/DE40/lstm_scaler.joblib: Duplicate object found in destination - ignoring
2026/06/29 06:20:58 NOTICE: app/ml_models/scalers/DE40/xgboost_scaler.joblib: Duplicate object found in destination - ignoring
[2026-06-29_062001] BazaarNama gdrive backup done
[2026-06-29_072001] BazaarNama gdrive backup start
2026/06/29 07:21:00 NOTICE: app/ml_models/scalers/DE40/lstm_scaler.joblib: Duplicate object found in destination - ignoring
2026/06/29 07:21:00 NOTICE: app/ml_models/scalers/DE40/xgboost_scaler.joblib: Duplicate object found in destination - ignoring
[2026-06-29_072001] BazaarNama gdrive backup done
[2026-06-29_082001] BazaarNama gdrive backup start
2026/06/29 08:20:54 NOTICE: app/ml_models/scalers/NAS100/lstm_scaler.joblib: Duplicate object found in destination - ignoring
2026/06/29 08:20:54 NOTICE: app/ml_models/scalers/NAS100/xgboost_scaler.joblib: Duplicate object found in destination - ignoring
[2026-06-29_082001] BazaarNama gdrive backup done
[2026-06-29_092001] BazaarNama gdrive backup start
2026/06/29 09:20:53 NOTICE: app/ml_models/scalers/DE40/xgboost_scaler.joblib: Duplicate object found in destination - ignoring
2026/06/29 09:20:53 NOTICE: app/ml_models/scalers/NZDUSD/lgbm_scaler.joblib: Duplicate object found in destination - ignoring
[2026-06-29_092001] BazaarNama gdrive backup done
[2026-06-29_102001] BazaarNama gdrive backup start
2026/06/29 10:20:52 NOTICE: app/ml_models/scalers/NAS100/lstm_scaler.joblib: Duplicate object found in destination - ignoring
2026/06/29 10:20:52 NOTICE: app/ml_models/scalers/NAS100/xgboost_scaler.joblib: Duplicate object found in destination - ignoring
[2026-06-29_102001] BazaarNama gdrive backup done
[2026-06-29_112001] BazaarNama gdrive backup start
2026/06/29 11:20:30 NOTICE: app/ml_models/scalers/DE40/lstm_scaler.joblib: Duplicate object found in destination - ignoring
2026/06/29 11:20:30 NOTICE: app/ml_models/scalers/DE40/xgboost_scaler.joblib: Duplicate object found in destination - ignoring
[2026-06-29_112001] BazaarNama gdrive backup done
[2026-06-29_122001] BazaarNama gdrive backup start
2026/06/29 12:20:41 NOTICE: app/ml_models/scalers/NAS100/lstm_scaler.joblib: Duplicate object found in destination - ignoring
2026/06/29 12:20:41 NOTICE: app/ml_models/scalers/NAS100/xgboost_scaler.joblib: Duplicate object found in destination - ignoring
[2026-06-29_122001] BazaarNama gdrive backup done
[2026-06-29_132001] BazaarNama gdrive backup start
2026/06/29 13:20:40 NOTICE: app/ml_models/scalers/DE40/lstm_scaler.joblib: Duplicate object found in destination - ignoring
2026/06/29 13:20:40 NOTICE: app/ml_models/scalers/DE40/xgboost_scaler.joblib: Duplicate object found in destination - ignoring
[2026-06-29_132001] BazaarNama gdrive backup done
[2026-06-29_142001] BazaarNama gdrive backup start
2026/06/29 14:20:53 NOTICE: app/ml_models/scalers/NAS100/lstm_scaler.joblib: Duplicate object found in destination - ignoring
2026/06/29 14:20:53 NOTICE: app/ml_models/scalers/NAS100/xgboost_scaler.joblib: Duplicate object found in destination - ignoring
[2026-06-29_142001] BazaarNama gdrive backup done
[2026-06-29_152001] BazaarNama gdrive backup start
2026/06/29 15:20:40 NOTICE: app/ml_models/scalers/DE40/xgboost_scaler.joblib: Duplicate object found in destination - ignoring
2026/06/29 15:20:40 NOTICE: app/ml_models/scalers/NAS100/xgboost_scaler.joblib: Duplicate object found in destination - ignoring
[2026-06-29_152001] BazaarNama gdrive backup done
[2026-06-29_162001] BazaarNama gdrive backup start
2026/06/29 16:20:40 NOTICE: app/ml_models/scalers/DE40/lstm_scaler.joblib: Duplicate object found in destination - ignoring
2026/06/29 16:20:40 NOTICE: app/ml_models/scalers/DE40/xgboost_scaler.joblib: Duplicate object found in destination - ignoring
[2026-06-29_162001] BazaarNama gdrive backup done
[2026-06-29_172001] BazaarNama gdrive backup start
2026/06/29 17:20:56 NOTICE: app/ml_models/scalers/NZDUSD/lgbm_scaler.joblib: Duplicate object found in destination - ignoring
2026/06/29 17:20:56 NOTICE: app/ml_models/scalers/NAS100/xgboost_scaler.joblib: Duplicate object found in destination - ignoring
[2026-06-29_172001] BazaarNama gdrive backup done
[2026-06-29_182001] BazaarNama gdrive backup start
2026/06/29 18:20:53 NOTICE: app/ml_models/scalers/DE40/lstm_scaler.joblib: Duplicate object found in destination - ignoring
2026/06/29 18:20:53 NOTICE: app/ml_models/scalers/DE40/xgboost_scaler.joblib: Duplicate object found in destination - ignoring
[2026-06-29_182001] BazaarNama gdrive backup done
[2026-06-29_192001] BazaarNama gdrive backup start
2026/06/29 19:20:39 NOTICE: app/ml_models/scalers/DE40/xgboost_scaler.joblib: Duplicate object found in destination - ignoring
2026/06/29 19:20:39 NOTICE: app/ml_models/scalers/NAS100/xgboost_scaler.joblib: Duplicate object found in destination - ignoring
[2026-06-29_192001] BazaarNama gdrive backup done
[2026-06-29_202001] BazaarNama gdrive backup start
2026/06/29 20:20:54 NOTICE: app/ml_models/scalers/DE40/xgboost_scaler.joblib: Duplicate object found in destination - ignoring
2026/06/29 20:20:54 NOTICE: app/ml_models/scalers/NZDUSD/lgbm_scaler.joblib: Duplicate object found in destination - ignoring
[2026-06-29_202001] BazaarNama gdrive backup done
[2026-06-29_212001] BazaarNama gdrive backup start
2026/06/29 21:20:54 NOTICE: app/ml_models/scalers/DE40/xgboost_scaler.joblib: Duplicate object found in destination - ignoring
2026/06/29 21:20:54 NOTICE: app/ml_models/scalers/NAS100/xgboost_scaler.joblib: Duplicate object found in destination - ignoring
[2026-06-29_212001] BazaarNama gdrive backup done
[2026-06-29_222001] BazaarNama gdrive backup start
2026/06/29 22:20:39 NOTICE: app/ml_models/scalers/DE40/lstm_scaler.joblib: Duplicate object found in destination - ignoring
2026/06/29 22:20:39 NOTICE: app/ml_models/scalers/DE40/xgboost_scaler.joblib: Duplicate object found in destination - ignoring
[2026-06-29_222001] BazaarNama gdrive backup done
[2026-06-29_232001] BazaarNama gdrive backup start
2026/06/29 23:20:52 NOTICE: app/ml_models/scalers/NAS100/xgboost_scaler.joblib: Duplicate object found in destination - ignoring
2026/06/29 23:20:52 NOTICE: app/ml_models/scalers/NZDUSD/lgbm_scaler.joblib: Duplicate object found in destination - ignoring
[2026-06-29_232001] BazaarNama gdrive backup done
[2026-06-30_002001] BazaarNama gdrive backup start
2026/06/30 00:20:55 NOTICE: app/ml_models/scalers/NZDUSD/lgbm_scaler.joblib: Duplicate object found in destination - ignoring
2026/06/30 00:20:55 NOTICE: app/ml_models/scalers/DE40/xgboost_scaler.joblib: Duplicate object found in destination - ignoring
[2026-06-30_002001] BazaarNama gdrive backup done
[2026-06-30_012001] BazaarNama gdrive backup start
2026/06/30 01:20:39 NOTICE: app/ml_models/scalers/NAS100/lstm_scaler.joblib: Duplicate object found in destination - ignoring
2026/06/30 01:20:39 NOTICE: app/ml_models/scalers/NAS100/xgboost_scaler.joblib: Duplicate object found in destination - ignoring
[2026-06-30_012001] BazaarNama gdrive backup done
[2026-06-30_022001] BazaarNama gdrive backup start
2026/06/30 02:20:56 NOTICE: app/ml_models/scalers/NAS100/lstm_scaler.joblib: Duplicate object found in destination - ignoring
2026/06/30 02:20:56 NOTICE: app/ml_models/scalers/NAS100/xgboost_scaler.joblib: Duplicate object found in destination - ignoring
[2026-06-30_022001] BazaarNama gdrive backup done
[2026-06-30_032001] BazaarNama gdrive backup start
2026/06/30 03:20:56 NOTICE: app/ml_models/scalers/NAS100/lstm_scaler.joblib: Duplicate object found in destination - ignoring
2026/06/30 03:20:56 NOTICE: app/ml_models/scalers/NAS100/xgboost_scaler.joblib: Duplicate object found in destination - ignoring
[2026-06-30_032001] BazaarNama gdrive backup done
[2026-06-30_042001] BazaarNama gdrive backup start
2026/06/30 04:20:40 NOTICE: app/ml_models/scalers/DE40/lstm_scaler.joblib: Duplicate object found in destination - ignoring
2026/06/30 04:20:40 NOTICE: app/ml_models/scalers/DE40/xgboost_scaler.joblib: Duplicate object found in destination - ignoring
[2026-06-30_042001] BazaarNama gdrive backup done
[2026-06-30_052001] BazaarNama gdrive backup start
2026/06/30 05:21:44 NOTICE: app/ml_models/scalers/NAS100/xgboost_scaler.joblib: Duplicate object found in destination - ignoring
2026/06/30 05:21:44 NOTICE: app/ml_models/scalers/DE40/xgboost_scaler.joblib: Duplicate object found in destination - ignoring
[2026-06-30_052001] BazaarNama gdrive backup done
[2026-06-30_062001] BazaarNama gdrive backup start
2026/06/30 06:20:38 NOTICE: app/ml_models/scalers/NAS100/lstm_scaler.joblib: Duplicate object found in destination - ignoring
2026/06/30 06:20:38 NOTICE: app/ml_models/scalers/NAS100/xgboost_scaler.joblib: Duplicate object found in destination - ignoring
[2026-06-30_062001] BazaarNama gdrive backup done
[2026-06-30_072001] BazaarNama gdrive backup start
2026/06/30 07:20:40 NOTICE: app/ml_models/scalers/DE40/lstm_scaler.joblib: Duplicate object found in destination - ignoring
2026/06/30 07:20:40 NOTICE: app/ml_models/scalers/DE40/xgboost_scaler.joblib: Duplicate object found in destination - ignoring
[2026-06-30_072001] BazaarNama gdrive backup done
[2026-06-30_082001] BazaarNama gdrive backup start
2026/06/30 08:20:54 NOTICE: app/ml_models/scalers/NAS100/lstm_scaler.joblib: Duplicate object found in destination - ignoring
2026/06/30 08:20:54 NOTICE: app/ml_models/scalers/NAS100/xgboost_scaler.joblib: Duplicate object found in destination - ignoring
[2026-06-30_082001] BazaarNama gdrive backup done
[2026-06-30_092001] BazaarNama gdrive backup start
2026/06/30 09:20:55 NOTICE: app/ml_models/scalers/NAS100/xgboost_scaler.joblib: Duplicate object found in destination - ignoring
2026/06/30 09:20:55 NOTICE: app/ml_models/scalers/NZDUSD/lgbm_scaler.joblib: Duplicate object found in destination - ignoring
[2026-06-30_092001] BazaarNama gdrive backup done
[2026-06-30_102001] BazaarNama gdrive backup start
2026/06/30 10:20:52 NOTICE: app/ml_models/scalers/DE40/lstm_scaler.joblib: Duplicate object found in destination - ignoring
2026/06/30 10:20:52 NOTICE: app/ml_models/scalers/DE40/xgboost_scaler.joblib: Duplicate object found in destination - ignoring
[2026-06-30_102001] BazaarNama gdrive backup done
[2026-06-30_112001] BazaarNama gdrive backup start
2026/06/30 11:20:40 NOTICE: app/ml_models/scalers/NAS100/lstm_scaler.joblib: Duplicate object found in destination - ignoring
2026/06/30 11:20:40 NOTICE: app/ml_models/scalers/NAS100/xgboost_scaler.joblib: Duplicate object found in destination - ignoring
[2026-06-30_112001] BazaarNama gdrive backup done
[2026-06-30_122001] BazaarNama gdrive backup start
2026/06/30 12:20:46 NOTICE: app/ml_models/scalers/DE40/lstm_scaler.joblib: Duplicate object found in destination - ignoring
2026/06/30 12:20:46 NOTICE: app/ml_models/scalers/DE40/xgboost_scaler.joblib: Duplicate object found in destination - ignoring
[2026-06-30_122001] BazaarNama gdrive backup done
[2026-06-30_132001] BazaarNama gdrive backup start
2026/06/30 13:20:38 NOTICE: app/ml_models/scalers/NAS100/lstm_scaler.joblib: Duplicate object found in destination - ignoring
2026/06/30 13:20:38 NOTICE: app/ml_models/scalers/NAS100/xgboost_scaler.joblib: Duplicate object found in destination - ignoring
[2026-06-30_132001] BazaarNama gdrive backup done
[2026-06-30_142001] BazaarNama gdrive backup start
2026/06/30 14:20:38 NOTICE: app/ml_models/scalers/DE40/lstm_scaler.joblib: Duplicate object found in destination - ignoring
2026/06/30 14:20:38 NOTICE: app/ml_models/scalers/DE40/xgboost_scaler.joblib: Duplicate object found in destination - ignoring
[2026-06-30_142001] BazaarNama gdrive backup done
[2026-06-30_152001] BazaarNama gdrive backup start
2026/06/30 15:20:44 NOTICE: app/ml_models/scalers/DE40/lstm_scaler.joblib: Duplicate object found in destination - ignoring
2026/06/30 15:20:44 NOTICE: app/ml_models/scalers/DE40/xgboost_scaler.joblib: Duplicate object found in destination - ignoring
[2026-06-30_152001] BazaarNama gdrive backup done
[2026-06-30_162001] BazaarNama gdrive backup start
2026/06/30 16:20:43 NOTICE: app/ml_models/scalers/NAS100/xgboost_scaler.joblib: Duplicate object found in destination - ignoring
2026/06/30 16:20:43 NOTICE: app/ml_models/scalers/DE40/xgboost_scaler.joblib: Duplicate object found in destination - ignoring
[2026-06-30_162001] BazaarNama gdrive backup done
[2026-06-30_172001] BazaarNama gdrive backup start
2026/06/30 17:20:42 NOTICE: app/ml_models/scalers/DE40/lstm_scaler.joblib: Duplicate object found in destination - ignoring
2026/06/30 17:20:42 NOTICE: app/ml_models/scalers/DE40/xgboost_scaler.joblib: Duplicate object found in destination - ignoring
[2026-06-30_172001] BazaarNama gdrive backup done
[2026-06-30_182001] BazaarNama gdrive backup start
2026/06/30 18:20:37 NOTICE: app/ml_models/scalers/DE40/xgboost_scaler.joblib: Duplicate object found in destination - ignoring
2026/06/30 18:20:37 NOTICE: app/ml_models/scalers/NAS100/xgboost_scaler.joblib: Duplicate object found in destination - ignoring
[2026-06-30_182001] BazaarNama gdrive backup done
[2026-06-30_192001] BazaarNama gdrive backup start
2026/06/30 19:20:36 NOTICE: app/ml_models/scalers/NAS100/xgboost_scaler.joblib: Duplicate object found in destination - ignoring
2026/06/30 19:20:36 NOTICE: app/ml_models/scalers/NZDUSD/lgbm_scaler.joblib: Duplicate object found in destination - ignoring
[2026-06-30_192001] BazaarNama gdrive backup done
[2026-06-30_202001] BazaarNama gdrive backup start
2026/06/30 20:20:36 NOTICE: app/ml_models/scalers/NAS100/lstm_scaler.joblib: Duplicate object found in destination - ignoring
2026/06/30 20:20:36 NOTICE: app/ml_models/scalers/NAS100/xgboost_scaler.joblib: Duplicate object found in destination - ignoring
[2026-06-30_202001] BazaarNama gdrive backup done
[2026-06-30_212001] BazaarNama gdrive backup start
2026/06/30 21:20:37 NOTICE: app/ml_models/scalers/NAS100/xgboost_scaler.joblib: Duplicate object found in destination - ignoring
2026/06/30 21:20:37 NOTICE: app/ml_models/scalers/NZDUSD/lgbm_scaler.joblib: Duplicate object found in destination - ignoring
[2026-06-30_212001] BazaarNama gdrive backup done
[2026-06-30_222001] BazaarNama gdrive backup start
2026/06/30 22:20:38 NOTICE: app/ml_models/scalers/NAS100/lstm_scaler.joblib: Duplicate object found in destination - ignoring
2026/06/30 22:20:38 NOTICE: app/ml_models/scalers/NAS100/xgboost_scaler.joblib: Duplicate object found in destination - ignoring
[2026-06-30_222001] BazaarNama gdrive backup done
[2026-06-30_232001] BazaarNama gdrive backup start
2026/06/30 23:20:37 NOTICE: app/ml_models/scalers/DE40/lstm_scaler.joblib: Duplicate object found in destination - ignoring
2026/06/30 23:20:37 NOTICE: app/ml_models/scalers/DE40/xgboost_scaler.joblib: Duplicate object found in destination - ignoring
[2026-06-30_232001] BazaarNama gdrive backup done
[2026-07-01_002001] BazaarNama gdrive backup start
2026/07/01 00:20:36 NOTICE: app/ml_models/scalers/NAS100/lstm_scaler.joblib: Duplicate object found in destination - ignoring
2026/07/01 00:20:36 NOTICE: app/ml_models/scalers/NAS100/xgboost_scaler.joblib: Duplicate object found in destination - ignoring
[2026-07-01_002001] BazaarNama gdrive backup done
[2026-07-01_012001] BazaarNama gdrive backup start
2026/07/01 01:20:37 NOTICE: app/ml_models/scalers/DE40/lstm_scaler.joblib: Duplicate object found in destination - ignoring
2026/07/01 01:20:37 NOTICE: app/ml_models/scalers/DE40/xgboost_scaler.joblib: Duplicate object found in destination - ignoring
[2026-07-01_012001] BazaarNama gdrive backup done
[2026-07-01_022001] BazaarNama gdrive backup start
2026/07/01 02:20:39 NOTICE: app/ml_models/scalers/DE40/xgboost_scaler.joblib: Duplicate object found in destination - ignoring
2026/07/01 02:20:39 NOTICE: app/ml_models/scalers/NZDUSD/lgbm_scaler.joblib: Duplicate object found in destination - ignoring
[2026-07-01_022001] BazaarNama gdrive backup done
[2026-07-01_032001] BazaarNama gdrive backup start
2026/07/01 03:20:39 NOTICE: app/ml_models/scalers/DE40/lstm_scaler.joblib: Duplicate object found in destination - ignoring
2026/07/01 03:20:39 NOTICE: app/ml_models/scalers/DE40/xgboost_scaler.joblib: Duplicate object found in destination - ignoring
[2026-07-01_032001] BazaarNama gdrive backup done
[2026-07-01_042001] BazaarNama gdrive backup start
2026/07/01 04:20:40 NOTICE: app/ml_models/scalers/DE40/xgboost_scaler.joblib: Duplicate object found in destination - ignoring
2026/07/01 04:20:40 NOTICE: app/ml_models/scalers/NAS100/xgboost_scaler.joblib: Duplicate object found in destination - ignoring
[2026-07-01_042001] BazaarNama gdrive backup done
[2026-07-01_052001] BazaarNama gdrive backup start
2026/07/01 05:20:44 NOTICE: app/ml_models/scalers/NAS100/xgboost_scaler.joblib: Duplicate object found in destination - ignoring
2026/07/01 05:20:44 NOTICE: app/ml_models/scalers/NZDUSD/lgbm_scaler.joblib: Duplicate object found in destination - ignoring
[2026-07-01_052001] BazaarNama gdrive backup done
[2026-07-01_062001] BazaarNama gdrive backup start
2026/07/01 06:23:08 NOTICE: app/ml_models/scalers/NAS100/xgboost_scaler.joblib: Duplicate object found in destination - ignoring
2026/07/01 06:23:08 NOTICE: app/ml_models/scalers/NZDUSD/lgbm_scaler.joblib: Duplicate object found in destination - ignoring
[2026-07-01_062001] BazaarNama gdrive backup done
[2026-07-01_072001] BazaarNama gdrive backup start
2026/07/01 07:21:57 NOTICE: app/ml_models/scalers/NZDUSD/lgbm_scaler.joblib: Duplicate object found in destination - ignoring
2026/07/01 07:21:57 NOTICE: app/ml_models/scalers/DE40/xgboost_scaler.joblib: Duplicate object found in destination - ignoring
[2026-07-01_072001] BazaarNama gdrive backup done
[2026-07-01_082001] BazaarNama gdrive backup start
2026/07/01 08:21:38 NOTICE: app/ml_models/scalers/NAS100/lstm_scaler.joblib: Duplicate object found in destination - ignoring
2026/07/01 08:21:38 NOTICE: app/ml_models/scalers/NAS100/xgboost_scaler.joblib: Duplicate object found in destination - ignoring
[2026-07-01_082001] BazaarNama gdrive backup done
[2026-07-01_092001] BazaarNama gdrive backup start
2026/07/01 09:23:01 NOTICE: app/ml_models/scalers/DE40/xgboost_scaler.joblib: Duplicate object found in destination - ignoring
2026/07/01 09:23:57 ERROR : Attempt 2/3 succeeded
[2026-07-01_092001] BazaarNama gdrive backup done
[2026-07-01_102001] BazaarNama gdrive backup start
2026/07/01 10:21:02 NOTICE: app/ml_models/scalers/DE40/lstm_scaler.joblib: Duplicate object found in destination - ignoring
2026/07/01 10:21:02 NOTICE: app/ml_models/scalers/DE40/xgboost_scaler.joblib: Duplicate object found in destination - ignoring
[2026-07-01_102001] BazaarNama gdrive backup done
[2026-07-01_112001] BazaarNama gdrive backup start
2026/07/01 11:21:56 NOTICE: app/ml_models/scalers/DE40/lstm_scaler.joblib: Duplicate object found in destination - ignoring
2026/07/01 11:21:56 NOTICE: app/ml_models/scalers/DE40/xgboost_scaler.joblib: Duplicate object found in destination - ignoring
[2026-07-01_112001] BazaarNama gdrive backup done
[2026-07-01_122001] BazaarNama gdrive backup start
2026/07/01 12:21:36 NOTICE: app/ml_models/scalers/DE40/lstm_scaler.joblib: Duplicate object found in destination - ignoring
2026/07/01 12:21:36 NOTICE: app/ml_models/scalers/DE40/xgboost_scaler.joblib: Duplicate object found in destination - ignoring
[2026-07-01_122001] BazaarNama gdrive backup done
[2026-07-01_132001] BazaarNama gdrive backup start
2026/07/01 13:21:05 NOTICE: app/ml_models/scalers/NAS100/xgboost_scaler.joblib: Duplicate object found in destination - ignoring
2026/07/01 13:21:05 NOTICE: app/ml_models/scalers/NZDUSD/lgbm_scaler.joblib: Duplicate object found in destination - ignoring
[2026-07-01_132001] BazaarNama gdrive backup done
[2026-07-01_142001] BazaarNama gdrive backup start
2026/07/01 14:21:52 NOTICE: app/ml_models/scalers/NAS100/lstm_scaler.joblib: Duplicate object found in destination - ignoring
2026/07/01 14:21:52 NOTICE: app/ml_models/scalers/NAS100/xgboost_scaler.joblib: Duplicate object found in destination - ignoring
[2026-07-01_142001] BazaarNama gdrive backup done
[2026-07-01_152001] BazaarNama gdrive backup start
2026/07/01 15:22:46 NOTICE: app/ml_models/scalers/NAS100/lstm_scaler.joblib: Duplicate object found in destination - ignoring
2026/07/01 15:22:46 NOTICE: app/ml_models/scalers/NAS100/xgboost_scaler.joblib: Duplicate object found in destination - ignoring
[2026-07-01_152001] BazaarNama gdrive backup done
[2026-07-01_162001] BazaarNama gdrive backup start
2026/07/01 16:21:55 NOTICE: app/ml_models/scalers/DE40/lstm_scaler.joblib: Duplicate object found in destination - ignoring
2026/07/01 16:21:55 NOTICE: app/ml_models/scalers/DE40/xgboost_scaler.joblib: Duplicate object found in destination - ignoring
[2026-07-01_162001] BazaarNama gdrive backup done
[2026-07-01_172001] BazaarNama gdrive backup start
2026/07/01 17:22:03 NOTICE: app/ml_models/scalers/DE40/lstm_scaler.joblib: Duplicate object found in destination - ignoring
2026/07/01 17:22:03 NOTICE: app/ml_models/scalers/DE40/xgboost_scaler.joblib: Duplicate object found in destination - ignoring
[2026-07-01_172001] BazaarNama gdrive backup done
[2026-07-01_182001] BazaarNama gdrive backup start
2026/07/01 18:21:42 NOTICE: app/ml_models/scalers/NAS100/lstm_scaler.joblib: Duplicate object found in destination - ignoring
2026/07/01 18:21:42 NOTICE: app/ml_models/scalers/NAS100/xgboost_scaler.joblib: Duplicate object found in destination - ignoring
[2026-07-01_182001] BazaarNama gdrive backup done
[2026-07-01_192001] BazaarNama gdrive backup start
2026/07/01 19:21:43 NOTICE: app/ml_models/scalers/NAS100/lstm_scaler.joblib: Duplicate object found in destination - ignoring
2026/07/01 19:21:43 NOTICE: app/ml_models/scalers/NAS100/xgboost_scaler.joblib: Duplicate object found in destination - ignoring
[2026-07-01_192001] BazaarNama gdrive backup done
[2026-07-01_202001] BazaarNama gdrive backup start
2026/07/01 20:21:42 NOTICE: app/ml_models/scalers/NAS100/lstm_scaler.joblib: Duplicate object found in destination - ignoring
2026/07/01 20:21:42 NOTICE: app/ml_models/scalers/NAS100/xgboost_scaler.joblib: Duplicate object found in destination - ignoring
[2026-07-01_202001] BazaarNama gdrive backup done
[2026-07-01_212001] BazaarNama gdrive backup start
2026/07/01 21:21:43 NOTICE: app/ml_models/scalers/DE40/lstm_scaler.joblib: Duplicate object found in destination - ignoring
2026/07/01 21:21:43 NOTICE: app/ml_models/scalers/DE40/xgboost_scaler.joblib: Duplicate object found in destination - ignoring
[2026-07-01_212001] BazaarNama gdrive backup done
[2026-07-01_222001] BazaarNama gdrive backup start
2026/07/01 22:21:40 NOTICE: app/ml_models/scalers/NAS100/lstm_scaler.joblib: Duplicate object found in destination - ignoring
2026/07/01 22:21:40 NOTICE: app/ml_models/scalers/NAS100/xgboost_scaler.joblib: Duplicate object found in destination - ignoring
[2026-07-01_222001] BazaarNama gdrive backup done
[2026-07-01_232001] BazaarNama gdrive backup start
2026/07/01 23:21:46 NOTICE: app/ml_models/scalers/NAS100/xgboost_scaler.joblib: Duplicate object found in destination - ignoring
2026/07/01 23:21:46 NOTICE: app/ml_models/scalers/NZDUSD/lgbm_scaler.joblib: Duplicate object found in destination - ignoring
[2026-07-01_232001] BazaarNama gdrive backup done
[2026-07-02_002001] BazaarNama gdrive backup start
2026/07/02 00:21:41 NOTICE: app/ml_models/scalers/NAS100/xgboost_scaler.joblib: Duplicate object found in destination - ignoring
2026/07/02 00:21:41 NOTICE: app/ml_models/scalers/NZDUSD/lgbm_scaler.joblib: Duplicate object found in destination - ignoring
[2026-07-02_002001] BazaarNama gdrive backup done
[2026-07-02_012001] BazaarNama gdrive backup start
2026/07/02 01:21:45 NOTICE: app/ml_models/scalers/NAS100/lstm_scaler.joblib: Duplicate object found in destination - ignoring
2026/07/02 01:21:45 NOTICE: app/ml_models/scalers/NAS100/xgboost_scaler.joblib: Duplicate object found in destination - ignoring
[2026-07-02_012001] BazaarNama gdrive backup done
[2026-07-02_022001] BazaarNama gdrive backup start
2026/07/02 02:21:42 NOTICE: app/ml_models/scalers/DE40/lstm_scaler.joblib: Duplicate object found in destination - ignoring
2026/07/02 02:21:42 NOTICE: app/ml_models/scalers/DE40/xgboost_scaler.joblib: Duplicate object found in destination - ignoring
[2026-07-02_022001] BazaarNama gdrive backup done
[2026-07-02_032001] BazaarNama gdrive backup start
2026/07/02 03:21:44 NOTICE: app/ml_models/scalers/DE40/lstm_scaler.joblib: Duplicate object found in destination - ignoring
2026/07/02 03:21:44 NOTICE: app/ml_models/scalers/DE40/xgboost_scaler.joblib: Duplicate object found in destination - ignoring
[2026-07-02_032001] BazaarNama gdrive backup done
[2026-07-02_042001] BazaarNama gdrive backup start
2026/07/02 04:21:43 NOTICE: app/ml_models/scalers/NAS100/lstm_scaler.joblib: Duplicate object found in destination - ignoring
2026/07/02 04:21:43 NOTICE: app/ml_models/scalers/NAS100/xgboost_scaler.joblib: Duplicate object found in destination - ignoring
[2026-07-02_042001] BazaarNama gdrive backup done
[2026-07-02_052001] BazaarNama gdrive backup start
2026/07/02 05:21:44 NOTICE: app/ml_models/scalers/DE40/lstm_scaler.joblib: Duplicate object found in destination - ignoring
2026/07/02 05:21:44 NOTICE: app/ml_models/scalers/DE40/xgboost_scaler.joblib: Duplicate object found in destination - ignoring
[2026-07-02_052001] BazaarNama gdrive backup done
[2026-07-02_062001] BazaarNama gdrive backup start
2026/07/02 06:21:59 NOTICE: app/ml_models/scalers/NAS100/xgboost_scaler.joblib: Duplicate object found in destination - ignoring
2026/07/02 06:21:59 NOTICE: app/ml_models/scalers/DE40/xgboost_scaler.joblib: Duplicate object found in destination - ignoring
[2026-07-02_062001] BazaarNama gdrive backup done
[2026-07-02_072001] BazaarNama gdrive backup start
2026/07/02 07:21:44 NOTICE: app/ml_models/scalers/DE40/lstm_scaler.joblib: Duplicate object found in destination - ignoring
2026/07/02 07:21:44 NOTICE: app/ml_models/scalers/DE40/xgboost_scaler.joblib: Duplicate object found in destination - ignoring
[2026-07-02_072001] BazaarNama gdrive backup done
[2026-07-02_082001] BazaarNama gdrive backup start
2026/07/02 08:21:44 NOTICE: app/ml_models/scalers/NZDUSD/lgbm_scaler.joblib: Duplicate object found in destination - ignoring
2026/07/02 08:21:44 NOTICE: app/ml_models/scalers/DE40/xgboost_scaler.joblib: Duplicate object found in destination - ignoring
[2026-07-02_082001] BazaarNama gdrive backup done
[2026-07-02_092001] BazaarNama gdrive backup start
2026/07/02 09:21:45 NOTICE: app/ml_models/scalers/NAS100/lstm_scaler.joblib: Duplicate object found in destination - ignoring
2026/07/02 09:21:45 NOTICE: app/ml_models/scalers/NAS100/xgboost_scaler.joblib: Duplicate object found in destination - ignoring
[2026-07-02_092001] BazaarNama gdrive backup done
[2026-07-02_102001] BazaarNama gdrive backup start
2026/07/02 10:21:53 NOTICE: app/ml_models/scalers/DE40/lstm_scaler.joblib: Duplicate object found in destination - ignoring
2026/07/02 10:21:53 NOTICE: app/ml_models/scalers/DE40/xgboost_scaler.joblib: Duplicate object found in destination - ignoring
[2026-07-02_102001] BazaarNama gdrive backup done
[2026-07-02_112001] BazaarNama gdrive backup start
2026/07/02 11:21:48 NOTICE: app/ml_models/scalers/NAS100/lstm_scaler.joblib: Duplicate object found in destination - ignoring
2026/07/02 11:21:48 NOTICE: app/ml_models/scalers/NAS100/xgboost_scaler.joblib: Duplicate object found in destination - ignoring
[2026-07-02_112001] BazaarNama gdrive backup done
[2026-07-02_122001] BazaarNama gdrive backup start
2026/07/02 12:21:54 NOTICE: app/ml_models/scalers/DE40/xgboost_scaler.joblib: Duplicate object found in destination - ignoring
2026/07/02 12:21:54 NOTICE: app/ml_models/scalers/NZDUSD/lgbm_scaler.joblib: Duplicate object found in destination - ignoring
[2026-07-02_122001] BazaarNama gdrive backup done
[2026-07-02_132001] BazaarNama gdrive backup start
2026/07/02 13:21:48 NOTICE: app/ml_models/scalers/DE40/lstm_scaler.joblib: Duplicate object found in destination - ignoring
2026/07/02 13:21:48 NOTICE: app/ml_models/scalers/DE40/xgboost_scaler.joblib: Duplicate object found in destination - ignoring
[2026-07-02_132001] BazaarNama gdrive backup done
[2026-07-02_142001] BazaarNama gdrive backup start
2026/07/02 14:21:50 NOTICE: app/ml_models/scalers/NAS100/lstm_scaler.joblib: Duplicate object found in destination - ignoring
2026/07/02 14:21:50 NOTICE: app/ml_models/scalers/NAS100/xgboost_scaler.joblib: Duplicate object found in destination - ignoring
[2026-07-02_142001] BazaarNama gdrive backup done
[2026-07-02_152001] BazaarNama gdrive backup start
2026/07/02 15:21:49 NOTICE: app/ml_models/scalers/DE40/xgboost_scaler.joblib: Duplicate object found in destination - ignoring
2026/07/02 15:21:49 NOTICE: app/ml_models/scalers/NAS100/xgboost_scaler.joblib: Duplicate object found in destination - ignoring
[2026-07-02_152001] BazaarNama gdrive backup done
[2026-07-02_162001] BazaarNama gdrive backup start
2026/07/02 16:21:52 NOTICE: app/ml_models/scalers/DE40/lstm_scaler.joblib: Duplicate object found in destination - ignoring
2026/07/02 16:21:52 NOTICE: app/ml_models/scalers/DE40/xgboost_scaler.joblib: Duplicate object found in destination - ignoring
[2026-07-02_162001] BazaarNama gdrive backup done
[2026-07-02_172001] BazaarNama gdrive backup start
2026/07/02 17:21:35 NOTICE: app/ml_models/scalers/NAS100/xgboost_scaler.joblib: Duplicate object found in destination - ignoring
2026/07/02 17:21:35 NOTICE: app/ml_models/scalers/NZDUSD/lgbm_scaler.joblib: Duplicate object found in destination - ignoring
[2026-07-02_172001] BazaarNama gdrive backup done
[2026-07-02_182001] BazaarNama gdrive backup start
2026/07/02 18:21:37 NOTICE: app/ml_models/scalers/NAS100/xgboost_scaler.joblib: Duplicate object found in destination - ignoring
2026/07/02 18:21:37 NOTICE: app/ml_models/scalers/NZDUSD/lgbm_scaler.joblib: Duplicate object found in destination - ignoring
[2026-07-02_182001] BazaarNama gdrive backup done
[2026-07-02_192001] BazaarNama gdrive backup start
2026/07/02 19:21:39 NOTICE: app/ml_models/scalers/DE40/lstm_scaler.joblib: Duplicate object found in destination - ignoring
2026/07/02 19:21:39 NOTICE: app/ml_models/scalers/DE40/xgboost_scaler.joblib: Duplicate object found in destination - ignoring
[2026-07-02_192001] BazaarNama gdrive backup done
[2026-07-02_202001] BazaarNama gdrive backup start
2026/07/02 20:21:36 NOTICE: app/ml_models/scalers/NAS100/lstm_scaler.joblib: Duplicate object found in destination - ignoring
2026/07/02 20:21:36 NOTICE: app/ml_models/scalers/NAS100/xgboost_scaler.joblib: Duplicate object found in destination - ignoring
[2026-07-02_202001] BazaarNama gdrive backup done
[2026-07-02_212001] BazaarNama gdrive backup start
2026/07/02 21:21:38 NOTICE: app/ml_models/scalers/DE40/lstm_scaler.joblib: Duplicate object found in destination - ignoring
2026/07/02 21:21:38 NOTICE: app/ml_models/scalers/DE40/xgboost_scaler.joblib: Duplicate object found in destination - ignoring
[2026-07-02_212001] BazaarNama gdrive backup done
[2026-07-02_222001] BazaarNama gdrive backup start
2026/07/02 22:21:32 NOTICE: app/ml_models/scalers/DE40/xgboost_scaler.joblib: Duplicate object found in destination - ignoring
2026/07/02 22:21:32 NOTICE: app/ml_models/scalers/NAS100/xgboost_scaler.joblib: Duplicate object found in destination - ignoring
[2026-07-02_222001] BazaarNama gdrive backup done
[2026-07-02_232001] BazaarNama gdrive backup start
2026/07/02 23:21:37 NOTICE: app/ml_models/scalers/NAS100/lstm_scaler.joblib: Duplicate object found in destination - ignoring
2026/07/02 23:21:37 NOTICE: app/ml_models/scalers/NAS100/xgboost_scaler.joblib: Duplicate object found in destination - ignoring
[2026-07-02_232001] BazaarNama gdrive backup done
[2026-07-03_002001] BazaarNama gdrive backup start
2026/07/03 00:21:35 NOTICE: app/ml_models/scalers/NZDUSD/lgbm_scaler.joblib: Duplicate object found in destination - ignoring
2026/07/03 00:21:35 NOTICE: app/ml_models/scalers/DE40/xgboost_scaler.joblib: Duplicate object found in destination - ignoring
[2026-07-03_002001] BazaarNama gdrive backup done
[2026-07-03_012001] BazaarNama gdrive backup start
2026/07/03 01:21:37 NOTICE: app/ml_models/scalers/NAS100/lstm_scaler.joblib: Duplicate object found in destination - ignoring
2026/07/03 01:21:37 NOTICE: app/ml_models/scalers/NAS100/xgboost_scaler.joblib: Duplicate object found in destination - ignoring
[2026-07-03_012001] BazaarNama gdrive backup done
[2026-07-03_022001] BazaarNama gdrive backup start
2026/07/03 02:21:35 NOTICE: app/ml_models/scalers/DE40/lstm_scaler.joblib: Duplicate object found in destination - ignoring
2026/07/03 02:21:35 NOTICE: app/ml_models/scalers/DE40/xgboost_scaler.joblib: Duplicate object found in destination - ignoring
[2026-07-03_022001] BazaarNama gdrive backup done
[2026-07-03_032001] BazaarNama gdrive backup start
2026/07/03 03:21:34 NOTICE: app/ml_models/scalers/NAS100/lstm_scaler.joblib: Duplicate object found in destination - ignoring
2026/07/03 03:21:34 NOTICE: app/ml_models/scalers/NAS100/xgboost_scaler.joblib: Duplicate object found in destination - ignoring
[2026-07-03_032001] BazaarNama gdrive backup done
[2026-07-03_042001] BazaarNama gdrive backup start
2026/07/03 04:21:35 NOTICE: app/ml_models/scalers/NAS100/lstm_scaler.joblib: Duplicate object found in destination - ignoring
2026/07/03 04:21:35 NOTICE: app/ml_models/scalers/NAS100/xgboost_scaler.joblib: Duplicate object found in destination - ignoring
[2026-07-03_042001] BazaarNama gdrive backup done
[2026-07-03_052001] BazaarNama gdrive backup start
2026/07/03 05:21:36 NOTICE: app/ml_models/scalers/DE40/lstm_scaler.joblib: Duplicate object found in destination - ignoring
2026/07/03 05:21:36 NOTICE: app/ml_models/scalers/DE40/xgboost_scaler.joblib: Duplicate object found in destination - ignoring
[2026-07-03_052001] BazaarNama gdrive backup done
[2026-07-03_062001] BazaarNama gdrive backup start
2026/07/03 06:21:37 NOTICE: app/ml_models/scalers/NAS100/lstm_scaler.joblib: Duplicate object found in destination - ignoring
2026/07/03 06:21:37 NOTICE: app/ml_models/scalers/NAS100/xgboost_scaler.joblib: Duplicate object found in destination - ignoring
[2026-07-03_062001] BazaarNama gdrive backup done
[2026-07-03_072001] BazaarNama gdrive backup start
2026/07/03 07:21:35 NOTICE: app/ml_models/scalers/NAS100/xgboost_scaler.joblib: Duplicate object found in destination - ignoring
2026/07/03 07:21:35 NOTICE: app/ml_models/scalers/NZDUSD/lgbm_scaler.joblib: Duplicate object found in destination - ignoring
[2026-07-03_072001] BazaarNama gdrive backup done
[2026-07-03_082001] BazaarNama gdrive backup start
2026/07/03 08:21:37 NOTICE: app/ml_models/scalers/NAS100/xgboost_scaler.joblib: Duplicate object found in destination - ignoring
2026/07/03 08:21:37 NOTICE: app/ml_models/scalers/DE40/xgboost_scaler.joblib: Duplicate object found in destination - ignoring
[2026-07-03_082001] BazaarNama gdrive backup done
[2026-07-03_092001] BazaarNama gdrive backup start
2026/07/03 09:21:36 NOTICE: app/ml_models/scalers/NAS100/xgboost_scaler.joblib: Duplicate object found in destination - ignoring
2026/07/03 09:21:36 NOTICE: app/ml_models/scalers/NZDUSD/lgbm_scaler.joblib: Duplicate object found in destination - ignoring
[2026-07-03_092001] BazaarNama gdrive backup done
[2026-07-03_102001] BazaarNama gdrive backup start
2026/07/03 10:21:32 NOTICE: app/ml_models/scalers/DE40/lstm_scaler.joblib: Duplicate object found in destination - ignoring
2026/07/03 10:21:32 NOTICE: app/ml_models/scalers/DE40/xgboost_scaler.joblib: Duplicate object found in destination - ignoring
[2026-07-03_102001] BazaarNama gdrive backup done
[2026-07-03_112001] BazaarNama gdrive backup start
2026/07/03 11:21:33 NOTICE: app/ml_models/scalers/DE40/lstm_scaler.joblib: Duplicate object found in destination - ignoring
2026/07/03 11:21:33 NOTICE: app/ml_models/scalers/DE40/xgboost_scaler.joblib: Duplicate object found in destination - ignoring
[2026-07-03_112001] BazaarNama gdrive backup done
[2026-07-03_122001] BazaarNama gdrive backup start
2026/07/03 12:21:43 NOTICE: app/ml_models/scalers/NAS100/lstm_scaler.joblib: Duplicate object found in destination - ignoring
2026/07/03 12:21:43 NOTICE: app/ml_models/scalers/NAS100/xgboost_scaler.joblib: Duplicate object found in destination - ignoring
[2026-07-03_122001] BazaarNama gdrive backup done
[2026-07-03_132001] BazaarNama gdrive backup start
2026/07/03 13:21:34 NOTICE: app/ml_models/scalers/DE40/xgboost_scaler.joblib: Duplicate object found in destination - ignoring
2026/07/03 13:21:34 NOTICE: app/ml_models/scalers/NAS100/xgboost_scaler.joblib: Duplicate object found in destination - ignoring
[2026-07-03_132001] BazaarNama gdrive backup done
[2026-07-03_142001] BazaarNama gdrive backup start
2026/07/03 14:23:03 NOTICE: app/ml_models/scalers/NZDUSD/lgbm_scaler.joblib: Duplicate object found in destination - ignoring
2026/07/03 14:23:03 NOTICE: app/ml_models/scalers/NAS100/xgboost_scaler.joblib: Duplicate object found in destination - ignoring
[2026-07-03_142001] BazaarNama gdrive backup done
[2026-07-03_152001] BazaarNama gdrive backup start
2026/07/03 15:21:36 NOTICE: app/ml_models/scalers/DE40/lstm_scaler.joblib: Duplicate object found in destination - ignoring
2026/07/03 15:21:36 NOTICE: app/ml_models/scalers/DE40/xgboost_scaler.joblib: Duplicate object found in destination - ignoring
[2026-07-03_152001] BazaarNama gdrive backup done
[2026-07-03_162001] BazaarNama gdrive backup start
2026/07/03 16:21:31 NOTICE: app/ml_models/scalers/NAS100/lstm_scaler.joblib: Duplicate object found in destination - ignoring
2026/07/03 16:21:31 NOTICE: app/ml_models/scalers/NAS100/xgboost_scaler.joblib: Duplicate object found in destination - ignoring
[2026-07-03_162001] BazaarNama gdrive backup done
[2026-07-03_172001] BazaarNama gdrive backup start
2026/07/03 17:21:32 NOTICE: app/ml_models/scalers/NAS100/lstm_scaler.joblib: Duplicate object found in destination - ignoring
2026/07/03 17:21:32 NOTICE: app/ml_models/scalers/NAS100/xgboost_scaler.joblib: Duplicate object found in destination - ignoring
[2026-07-03_172001] BazaarNama gdrive backup done
[2026-07-03_182001] BazaarNama gdrive backup start
2026/07/03 18:21:37 NOTICE: app/ml_models/scalers/DE40/lstm_scaler.joblib: Duplicate object found in destination - ignoring
2026/07/03 18:21:37 NOTICE: app/ml_models/scalers/DE40/xgboost_scaler.joblib: Duplicate object found in destination - ignoring
[2026-07-03_182001] BazaarNama gdrive backup done
[2026-07-03_192001] BazaarNama gdrive backup start
2026/07/03 19:21:34 NOTICE: app/ml_models/scalers/DE40/lstm_scaler.joblib: Duplicate object found in destination - ignoring
2026/07/03 19:21:34 NOTICE: app/ml_models/scalers/DE40/xgboost_scaler.joblib: Duplicate object found in destination - ignoring
[2026-07-03_192001] BazaarNama gdrive backup done
[2026-07-03_202001] BazaarNama gdrive backup start
2026/07/03 20:21:32 NOTICE: app/ml_models/scalers/NAS100/lstm_scaler.joblib: Duplicate object found in destination - ignoring
2026/07/03 20:21:32 NOTICE: app/ml_models/scalers/NAS100/xgboost_scaler.joblib: Duplicate object found in destination - ignoring
[2026-07-03_202001] BazaarNama gdrive backup done
[2026-07-03_212001] BazaarNama gdrive backup start
2026/07/03 21:21:33 NOTICE: app/ml_models/scalers/DE40/lstm_scaler.joblib: Duplicate object found in destination - ignoring
2026/07/03 21:21:33 NOTICE: app/ml_models/scalers/DE40/xgboost_scaler.joblib: Duplicate object found in destination - ignoring
[2026-07-03_212001] BazaarNama gdrive backup done
[2026-07-03_222001] BazaarNama gdrive backup start
2026/07/03 22:21:32 NOTICE: app/ml_models/scalers/NAS100/xgboost_scaler.joblib: Duplicate object found in destination - ignoring
2026/07/03 22:21:32 NOTICE: app/ml_models/scalers/NZDUSD/lgbm_scaler.joblib: Duplicate object found in destination - ignoring
[2026-07-03_222001] BazaarNama gdrive backup done
[2026-07-03_232001] BazaarNama gdrive backup start
2026/07/03 23:21:35 NOTICE: app/ml_models/scalers/NAS100/lstm_scaler.joblib: Duplicate object found in destination - ignoring
2026/07/03 23:21:35 NOTICE: app/ml_models/scalers/NAS100/xgboost_scaler.joblib: Duplicate object found in destination - ignoring
[2026-07-03_232001] BazaarNama gdrive backup done
[2026-07-04_002001] BazaarNama gdrive backup start
2026/07/04 00:21:29 NOTICE: app/ml_models/scalers/NAS100/lstm_scaler.joblib: Duplicate object found in destination - ignoring
2026/07/04 00:21:29 NOTICE: app/ml_models/scalers/NAS100/xgboost_scaler.joblib: Duplicate object found in destination - ignoring
[2026-07-04_002001] BazaarNama gdrive backup done
[2026-07-04_012001] BazaarNama gdrive backup start
2026/07/04 01:21:30 NOTICE: app/ml_models/scalers/DE40/lstm_scaler.joblib: Duplicate object found in destination - ignoring
2026/07/04 01:21:30 NOTICE: app/ml_models/scalers/DE40/xgboost_scaler.joblib: Duplicate object found in destination - ignoring
[2026-07-04_012001] BazaarNama gdrive backup done
[2026-07-04_022001] BazaarNama gdrive backup start
2026/07/04 02:21:32 NOTICE: app/ml_models/scalers/NZDUSD/lgbm_scaler.joblib: Duplicate object found in destination - ignoring
2026/07/04 02:21:32 NOTICE: app/ml_models/scalers/NAS100/xgboost_scaler.joblib: Duplicate object found in destination - ignoring
[2026-07-04_022001] BazaarNama gdrive backup done
[2026-07-04_032001] BazaarNama gdrive backup start
2026/07/04 03:21:30 NOTICE: app/ml_models/scalers/NAS100/lstm_scaler.joblib: Duplicate object found in destination - ignoring
2026/07/04 03:21:30 NOTICE: app/ml_models/scalers/NAS100/xgboost_scaler.joblib: Duplicate object found in destination - ignoring
[2026-07-04_032001] BazaarNama gdrive backup done
[2026-07-04_042001] BazaarNama gdrive backup start
2026/07/04 04:21:30 NOTICE: app/ml_models/scalers/DE40/lstm_scaler.joblib: Duplicate object found in destination - ignoring
2026/07/04 04:21:30 NOTICE: app/ml_models/scalers/DE40/xgboost_scaler.joblib: Duplicate object found in destination - ignoring
[2026-07-04_042001] BazaarNama gdrive backup done
[2026-07-04_052001] BazaarNama gdrive backup start
2026/07/04 05:21:31 NOTICE: app/ml_models/scalers/NAS100/xgboost_scaler.joblib: Duplicate object found in destination - ignoring
2026/07/04 05:21:31 NOTICE: app/ml_models/scalers/NZDUSD/lgbm_scaler.joblib: Duplicate object found in destination - ignoring
[2026-07-04_052001] BazaarNama gdrive backup done
[2026-07-04_062001] BazaarNama gdrive backup start
2026/07/04 06:21:45 NOTICE: app/ml_models/scalers/DE40/xgboost_scaler.joblib: Duplicate object found in destination - ignoring
2026/07/04 06:21:45 NOTICE: app/ml_models/scalers/NZDUSD/lgbm_scaler.joblib: Duplicate object found in destination - ignoring
[2026-07-04_062001] BazaarNama gdrive backup done
[2026-07-04_072001] BazaarNama gdrive backup start
2026/07/04 07:21:30 NOTICE: app/ml_models/scalers/NAS100/lstm_scaler.joblib: Duplicate object found in destination - ignoring
2026/07/04 07:21:30 NOTICE: app/ml_models/scalers/NAS100/xgboost_scaler.joblib: Duplicate object found in destination - ignoring
[2026-07-04_072001] BazaarNama gdrive backup done
[2026-07-04_082001] BazaarNama gdrive backup start
2026/07/04 08:21:31 NOTICE: app/ml_models/scalers/NAS100/xgboost_scaler.joblib: Duplicate object found in destination - ignoring
2026/07/04 08:21:31 NOTICE: app/ml_models/scalers/NZDUSD/lgbm_scaler.joblib: Duplicate object found in destination - ignoring
[2026-07-04_082001] BazaarNama gdrive backup done
[2026-07-04_092001] BazaarNama gdrive backup start
2026/07/04 09:21:37 NOTICE: app/ml_models/scalers/NAS100/lstm_scaler.joblib: Duplicate object found in destination - ignoring
2026/07/04 09:21:37 NOTICE: app/ml_models/scalers/NAS100/xgboost_scaler.joblib: Duplicate object found in destination - ignoring
[2026-07-04_092001] BazaarNama gdrive backup done
[2026-07-04_102001] BazaarNama gdrive backup start
2026/07/04 10:21:38 NOTICE: app/ml_models/scalers/DE40/lstm_scaler.joblib: Duplicate object found in destination - ignoring
2026/07/04 10:21:38 NOTICE: app/ml_models/scalers/DE40/xgboost_scaler.joblib: Duplicate object found in destination - ignoring
[2026-07-04_102001] BazaarNama gdrive backup done
[2026-07-04_112001] BazaarNama gdrive backup start
2026/07/04 11:21:38 NOTICE: app/ml_models/scalers/DE40/lstm_scaler.joblib: Duplicate object found in destination - ignoring
2026/07/04 11:21:38 NOTICE: app/ml_models/scalers/DE40/xgboost_scaler.joblib: Duplicate object found in destination - ignoring
[2026-07-04_112001] BazaarNama gdrive backup done
[2026-07-04_122001] BazaarNama gdrive backup start
2026/07/04 12:21:38 NOTICE: app/ml_models/scalers/DE40/xgboost_scaler.joblib: Duplicate object found in destination - ignoring
2026/07/04 12:21:38 NOTICE: app/ml_models/scalers/NAS100/xgboost_scaler.joblib: Duplicate object found in destination - ignoring
[2026-07-04_122001] BazaarNama gdrive backup done
[2026-07-04_132001] BazaarNama gdrive backup start
2026/07/04 13:21:35 NOTICE: app/ml_models/scalers/NAS100/lstm_scaler.joblib: Duplicate object found in destination - ignoring
2026/07/04 13:21:35 NOTICE: app/ml_models/scalers/NAS100/xgboost_scaler.joblib: Duplicate object found in destination - ignoring
[2026-07-04_132001] BazaarNama gdrive backup done
[2026-07-04_142001] BazaarNama gdrive backup start
2026/07/04 14:21:30 NOTICE: app/ml_models/scalers/NAS100/lstm_scaler.joblib: Duplicate object found in destination - ignoring
2026/07/04 14:21:30 NOTICE: app/ml_models/scalers/NAS100/xgboost_scaler.joblib: Duplicate object found in destination - ignoring
[2026-07-04_142001] BazaarNama gdrive backup done
[2026-07-04_152001] BazaarNama gdrive backup start
2026/07/04 15:21:43 NOTICE: app/ml_models/scalers/DE40/lstm_scaler.joblib: Duplicate object found in destination - ignoring
2026/07/04 15:21:43 NOTICE: app/ml_models/scalers/DE40/xgboost_scaler.joblib: Duplicate object found in destination - ignoring
[2026-07-04_152001] BazaarNama gdrive backup done
[2026-07-04_162001] BazaarNama gdrive backup start
2026/07/04 16:21:43 NOTICE: app/ml_models/scalers/NAS100/lstm_scaler.joblib: Duplicate object found in destination - ignoring
2026/07/04 16:21:43 NOTICE: app/ml_models/scalers/NAS100/xgboost_scaler.joblib: Duplicate object found in destination - ignoring
[2026-07-04_162001] BazaarNama gdrive backup done
[2026-07-04_172001] BazaarNama gdrive backup start
2026/07/04 17:21:44 NOTICE: app/ml_models/scalers/NAS100/lstm_scaler.joblib: Duplicate object found in destination - ignoring
2026/07/04 17:21:44 NOTICE: app/ml_models/scalers/NAS100/xgboost_scaler.joblib: Duplicate object found in destination - ignoring
[2026-07-04_172001] BazaarNama gdrive backup done
[2026-07-04_182001] BazaarNama gdrive backup start
2026/07/04 18:21:41 NOTICE: app/ml_models/scalers/DE40/xgboost_scaler.joblib: Duplicate object found in destination - ignoring
2026/07/04 18:21:41 NOTICE: app/ml_models/scalers/NZDUSD/lgbm_scaler.joblib: Duplicate object found in destination - ignoring
[2026-07-04_182001] BazaarNama gdrive backup done
[2026-07-04_192001] BazaarNama gdrive backup start
2026/07/04 19:21:45 NOTICE: app/ml_models/scalers/NAS100/lstm_scaler.joblib: Duplicate object found in destination - ignoring
2026/07/04 19:21:45 NOTICE: app/ml_models/scalers/NAS100/xgboost_scaler.joblib: Duplicate object found in destination - ignoring
[2026-07-04_192001] BazaarNama gdrive backup done
[2026-07-04_202001] BazaarNama gdrive backup start
2026/07/04 20:21:48 NOTICE: app/ml_models/scalers/DE40/lstm_scaler.joblib: Duplicate object found in destination - ignoring
2026/07/04 20:21:48 NOTICE: app/ml_models/scalers/DE40/xgboost_scaler.joblib: Duplicate object found in destination - ignoring
[2026-07-04_202001] BazaarNama gdrive backup done
[2026-07-04_212001] BazaarNama gdrive backup start
2026/07/04 21:21:43 NOTICE: app/ml_models/scalers/NZDUSD/lgbm_scaler.joblib: Duplicate object found in destination - ignoring
2026/07/04 21:21:43 NOTICE: app/ml_models/scalers/DE40/xgboost_scaler.joblib: Duplicate object found in destination - ignoring
[2026-07-04_212001] BazaarNama gdrive backup done
[2026-07-04_222001] BazaarNama gdrive backup start
2026/07/04 22:21:43 NOTICE: app/ml_models/scalers/NAS100/lstm_scaler.joblib: Duplicate object found in destination - ignoring
2026/07/04 22:21:43 NOTICE: app/ml_models/scalers/NAS100/xgboost_scaler.joblib: Duplicate object found in destination - ignoring
[2026-07-04_222001] BazaarNama gdrive backup done
[2026-07-04_232001] BazaarNama gdrive backup start
2026/07/04 23:21:43 NOTICE: app/ml_models/scalers/DE40/lstm_scaler.joblib: Duplicate object found in destination - ignoring
2026/07/04 23:21:43 NOTICE: app/ml_models/scalers/DE40/xgboost_scaler.joblib: Duplicate object found in destination - ignoring
[2026-07-04_232001] BazaarNama gdrive backup done
[2026-07-05_002001] BazaarNama gdrive backup start
2026/07/05 00:21:44 NOTICE: app/ml_models/scalers/NAS100/xgboost_scaler.joblib: Duplicate object found in destination - ignoring
2026/07/05 00:21:44 NOTICE: app/ml_models/scalers/NZDUSD/lgbm_scaler.joblib: Duplicate object found in destination - ignoring
[2026-07-05_002001] BazaarNama gdrive backup done
[2026-07-05_012001] BazaarNama gdrive backup start
2026/07/05 01:21:44 NOTICE: app/ml_models/scalers/DE40/lstm_scaler.joblib: Duplicate object found in destination - ignoring
2026/07/05 01:21:44 NOTICE: app/ml_models/scalers/DE40/xgboost_scaler.joblib: Duplicate object found in destination - ignoring
[2026-07-05_012001] BazaarNama gdrive backup done
[2026-07-05_022001] BazaarNama gdrive backup start
2026/07/05 02:21:46 NOTICE: app/ml_models/scalers/DE40/lstm_scaler.joblib: Duplicate object found in destination - ignoring
2026/07/05 02:21:46 NOTICE: app/ml_models/scalers/DE40/xgboost_scaler.joblib: Duplicate object found in destination - ignoring
[2026-07-05_022001] BazaarNama gdrive backup done
[2026-07-05_032001] BazaarNama gdrive backup start
2026/07/05 03:21:42 NOTICE: app/ml_models/scalers/DE40/xgboost_scaler.joblib: Duplicate object found in destination - ignoring
2026/07/05 03:21:42 NOTICE: app/ml_models/scalers/NZDUSD/lgbm_scaler.joblib: Duplicate object found in destination - ignoring
[2026-07-05_032001] BazaarNama gdrive backup done
[2026-07-05_042001] BazaarNama gdrive backup start
2026/07/05 04:21:44 NOTICE: app/ml_models/scalers/NAS100/lstm_scaler.joblib: Duplicate object found in destination - ignoring
2026/07/05 04:21:44 NOTICE: app/ml_models/scalers/NAS100/xgboost_scaler.joblib: Duplicate object found in destination - ignoring
[2026-07-05_042001] BazaarNama gdrive backup done
[2026-07-05_052001] BazaarNama gdrive backup start
2026/07/05 05:21:46 NOTICE: app/ml_models/scalers/NAS100/lstm_scaler.joblib: Duplicate object found in destination - ignoring
2026/07/05 05:21:46 NOTICE: app/ml_models/scalers/NAS100/xgboost_scaler.joblib: Duplicate object found in destination - ignoring
[2026-07-05_052001] BazaarNama gdrive backup done
[2026-07-05_062001] BazaarNama gdrive backup start
2026/07/05 06:21:44 NOTICE: app/ml_models/scalers/DE40/lstm_scaler.joblib: Duplicate object found in destination - ignoring
2026/07/05 06:21:44 NOTICE: app/ml_models/scalers/DE40/xgboost_scaler.joblib: Duplicate object found in destination - ignoring
[2026-07-05_062001] BazaarNama gdrive backup done
[2026-07-05_072001] BazaarNama gdrive backup start
2026/07/05 07:21:43 NOTICE: app/ml_models/scalers/DE40/xgboost_scaler.joblib: Duplicate object found in destination - ignoring
2026/07/05 07:21:43 NOTICE: app/ml_models/scalers/NAS100/xgboost_scaler.joblib: Duplicate object found in destination - ignoring
[2026-07-05_072001] BazaarNama gdrive backup done
[2026-07-05_082001] BazaarNama gdrive backup start
2026/07/05 08:21:29 NOTICE: app/ml_models/scalers/NAS100/lstm_scaler.joblib: Duplicate object found in destination - ignoring
2026/07/05 08:21:29 NOTICE: app/ml_models/scalers/NAS100/xgboost_scaler.joblib: Duplicate object found in destination - ignoring
[2026-07-05_082001] BazaarNama gdrive backup done
[2026-07-05_092001] BazaarNama gdrive backup start
2026/07/05 09:21:44 NOTICE: app/ml_models/scalers/NAS100/lstm_scaler.joblib: Duplicate object found in destination - ignoring
2026/07/05 09:21:44 NOTICE: app/ml_models/scalers/NAS100/xgboost_scaler.joblib: Duplicate object found in destination - ignoring
[2026-07-05_092001] BazaarNama gdrive backup done
[2026-07-05_102001] BazaarNama gdrive backup start
2026/07/05 10:21:45 NOTICE: app/ml_models/scalers/NAS100/lstm_scaler.joblib: Duplicate object found in destination - ignoring
2026/07/05 10:21:45 NOTICE: app/ml_models/scalers/NAS100/xgboost_scaler.joblib: Duplicate object found in destination - ignoring
[2026-07-05_102001] BazaarNama gdrive backup done
[2026-07-05_112001] BazaarNama gdrive backup start
2026/07/05 11:21:46 NOTICE: app/ml_models/scalers/NZDUSD/lgbm_scaler.joblib: Duplicate object found in destination - ignoring
2026/07/05 11:21:46 NOTICE: app/ml_models/scalers/NAS100/xgboost_scaler.joblib: Duplicate object found in destination - ignoring
[2026-07-05_112001] BazaarNama gdrive backup done
[2026-07-05_122001] BazaarNama gdrive backup start
2026/07/05 12:21:45 NOTICE: app/ml_models/scalers/NZDUSD/lgbm_scaler.joblib: Duplicate object found in destination - ignoring
2026/07/05 12:21:45 NOTICE: app/ml_models/scalers/DE40/xgboost_scaler.joblib: Duplicate object found in destination - ignoring
[2026-07-05_122001] BazaarNama gdrive backup done
[2026-07-05_132001] BazaarNama gdrive backup start
2026/07/05 13:21:45 NOTICE: app/ml_models/scalers/NAS100/lstm_scaler.joblib: Duplicate object found in destination - ignoring
2026/07/05 13:21:45 NOTICE: app/ml_models/scalers/NAS100/xgboost_scaler.joblib: Duplicate object found in destination - ignoring
[2026-07-05_132001] BazaarNama gdrive backup done
[2026-07-05_142001] BazaarNama gdrive backup start
2026/07/05 14:21:41 NOTICE: app/ml_models/scalers/DE40/lstm_scaler.joblib: Duplicate object found in destination - ignoring
2026/07/05 14:21:41 NOTICE: app/ml_models/scalers/DE40/xgboost_scaler.joblib: Duplicate object found in destination - ignoring
[2026-07-05_142001] BazaarNama gdrive backup done
[2026-07-05_152001] BazaarNama gdrive backup start
2026/07/05 15:21:43 NOTICE: app/ml_models/scalers/DE40/lstm_scaler.joblib: Duplicate object found in destination - ignoring
2026/07/05 15:21:43 NOTICE: app/ml_models/scalers/DE40/xgboost_scaler.joblib: Duplicate object found in destination - ignoring
[2026-07-05_152001] BazaarNama gdrive backup done
[2026-07-05_162001] BazaarNama gdrive backup start
2026/07/05 16:21:42 NOTICE: app/ml_models/scalers/NAS100/lstm_scaler.joblib: Duplicate object found in destination - ignoring
2026/07/05 16:21:42 NOTICE: app/ml_models/scalers/NAS100/xgboost_scaler.joblib: Duplicate object found in destination - ignoring
[2026-07-05_162001] BazaarNama gdrive backup done
[2026-07-05_172001] BazaarNama gdrive backup start
2026/07/05 17:21:45 NOTICE: app/ml_models/scalers/NAS100/xgboost_scaler.joblib: Duplicate object found in destination - ignoring
2026/07/05 17:21:45 NOTICE: app/ml_models/scalers/NZDUSD/lgbm_scaler.joblib: Duplicate object found in destination - ignoring
[2026-07-05_172001] BazaarNama gdrive backup done
[2026-07-05_182001] BazaarNama gdrive backup start
2026/07/05 18:21:42 NOTICE: app/ml_models/scalers/DE40/xgboost_scaler.joblib: Duplicate object found in destination - ignoring
2026/07/05 18:21:42 NOTICE: app/ml_models/scalers/NAS100/xgboost_scaler.joblib: Duplicate object found in destination - ignoring
[2026-07-05_182001] BazaarNama gdrive backup done
[2026-07-05_192001] BazaarNama gdrive backup start
2026/07/05 19:21:45 NOTICE: app/ml_models/scalers/DE40/lstm_scaler.joblib: Duplicate object found in destination - ignoring
2026/07/05 19:21:45 NOTICE: app/ml_models/scalers/DE40/xgboost_scaler.joblib: Duplicate object found in destination - ignoring
[2026-07-05_192001] BazaarNama gdrive backup done
[2026-07-05_202001] BazaarNama gdrive backup start
2026/07/05 20:21:43 NOTICE: app/ml_models/scalers/NAS100/lstm_scaler.joblib: Duplicate object found in destination - ignoring
2026/07/05 20:21:43 NOTICE: app/ml_models/scalers/NAS100/xgboost_scaler.joblib: Duplicate object found in destination - ignoring
[2026-07-05_202001] BazaarNama gdrive backup done
[2026-07-05_212001] BazaarNama gdrive backup start
2026/07/05 21:21:40 NOTICE: app/ml_models/scalers/DE40/xgboost_scaler.joblib: Duplicate object found in destination - ignoring
2026/07/05 21:21:40 NOTICE: app/ml_models/scalers/NZDUSD/lgbm_scaler.joblib: Duplicate object found in destination - ignoring
[2026-07-05_212001] BazaarNama gdrive backup done
[2026-07-05_222001] BazaarNama gdrive backup start
2026/07/05 22:21:47 NOTICE: app/ml_models/scalers/DE40/xgboost_scaler.joblib: Duplicate object found in destination - ignoring
2026/07/05 22:21:47 NOTICE: app/ml_models/scalers/NZDUSD/lgbm_scaler.joblib: Duplicate object found in destination - ignoring
[2026-07-05_222001] BazaarNama gdrive backup done
[2026-07-05_232001] BazaarNama gdrive backup start
2026/07/05 23:21:41 NOTICE: app/ml_models/scalers/DE40/lstm_scaler.joblib: Duplicate object found in destination - ignoring
2026/07/05 23:21:41 NOTICE: app/ml_models/scalers/DE40/xgboost_scaler.joblib: Duplicate object found in destination - ignoring
[2026-07-05_232001] BazaarNama gdrive backup done
[2026-07-06_002001] BazaarNama gdrive backup start
2026/07/06 00:21:40 NOTICE: app/ml_models/scalers/DE40/lstm_scaler.joblib: Duplicate object found in destination - ignoring
2026/07/06 00:21:40 NOTICE: app/ml_models/scalers/DE40/xgboost_scaler.joblib: Duplicate object found in destination - ignoring
[2026-07-06_002001] BazaarNama gdrive backup done
[2026-07-06_012001] BazaarNama gdrive backup start
2026/07/06 01:21:44 NOTICE: app/ml_models/scalers/NAS100/lstm_scaler.joblib: Duplicate object found in destination - ignoring
2026/07/06 01:21:44 NOTICE: app/ml_models/scalers/NAS100/xgboost_scaler.joblib: Duplicate object found in destination - ignoring
[2026-07-06_012001] BazaarNama gdrive backup done
[2026-07-06_022001] BazaarNama gdrive backup start
2026/07/06 02:21:43 NOTICE: app/ml_models/scalers/DE40/lstm_scaler.joblib: Duplicate object found in destination - ignoring
2026/07/06 02:21:43 NOTICE: app/ml_models/scalers/DE40/xgboost_scaler.joblib: Duplicate object found in destination - ignoring
[2026-07-06_022001] BazaarNama gdrive backup done
[2026-07-06_032001] BazaarNama gdrive backup start
2026/07/06 03:21:27 NOTICE: app/ml_models/scalers/NAS100/xgboost_scaler.joblib: Duplicate object found in destination - ignoring
2026/07/06 03:21:27 NOTICE: app/ml_models/scalers/DE40/xgboost_scaler.joblib: Duplicate object found in destination - ignoring
[2026-07-06_032001] BazaarNama gdrive backup done
[2026-07-06_042001] BazaarNama gdrive backup start
2026/07/06 04:21:42 NOTICE: app/ml_models/scalers/NAS100/lstm_scaler.joblib: Duplicate object found in destination - ignoring
2026/07/06 04:21:42 NOTICE: app/ml_models/scalers/NAS100/xgboost_scaler.joblib: Duplicate object found in destination - ignoring
[2026-07-06_042001] BazaarNama gdrive backup done
[2026-07-06_052001] BazaarNama gdrive backup start
2026/07/06 05:21:53 NOTICE: app/ml_models/scalers/NAS100/xgboost_scaler.joblib: Duplicate object found in destination - ignoring
2026/07/06 05:21:53 NOTICE: app/ml_models/scalers/NZDUSD/lgbm_scaler.joblib: Duplicate object found in destination - ignoring
[2026-07-06_052001] BazaarNama gdrive backup done
[2026-07-06_062001] BazaarNama gdrive backup start
2026/07/06 06:21:42 NOTICE: app/ml_models/scalers/DE40/xgboost_scaler.joblib: Duplicate object found in destination - ignoring
2026/07/06 06:21:42 NOTICE: app/ml_models/scalers/NAS100/xgboost_scaler.joblib: Duplicate object found in destination - ignoring
[2026-07-06_062001] BazaarNama gdrive backup done
[2026-07-06_072001] BazaarNama gdrive backup start
2026/07/06 07:21:43 NOTICE: app/ml_models/scalers/DE40/xgboost_scaler.joblib: Duplicate object found in destination - ignoring
2026/07/06 07:21:43 NOTICE: app/ml_models/scalers/NZDUSD/lgbm_scaler.joblib: Duplicate object found in destination - ignoring
[2026-07-06_072001] BazaarNama gdrive backup done
[2026-07-06_082001] BazaarNama gdrive backup start
2026/07/06 08:21:40 NOTICE: app/ml_models/scalers/DE40/lstm_scaler.joblib: Duplicate object found in destination - ignoring
2026/07/06 08:21:40 NOTICE: app/ml_models/scalers/DE40/xgboost_scaler.joblib: Duplicate object found in destination - ignoring
[2026-07-06_082001] BazaarNama gdrive backup done
[2026-07-06_092001] BazaarNama gdrive backup start
2026/07/06 09:21:44 NOTICE: app/ml_models/scalers/DE40/xgboost_scaler.joblib: Duplicate object found in destination - ignoring
2026/07/06 09:21:44 NOTICE: app/ml_models/scalers/NZDUSD/lgbm_scaler.joblib: Duplicate object found in destination - ignoring
[2026-07-06_092001] BazaarNama gdrive backup done
[2026-07-06_102001] BazaarNama gdrive backup start
2026/07/06 10:21:49 NOTICE: app/ml_models/scalers/DE40/lstm_scaler.joblib: Duplicate object found in destination - ignoring
2026/07/06 10:21:49 NOTICE: app/ml_models/scalers/DE40/xgboost_scaler.joblib: Duplicate object found in destination - ignoring
[2026-07-06_102001] BazaarNama gdrive backup done
[2026-07-06_112001] BazaarNama gdrive backup start
2026/07/06 11:21:51 NOTICE: app/ml_models/scalers/NAS100/lstm_scaler.joblib: Duplicate object found in destination - ignoring
2026/07/06 11:21:51 NOTICE: app/ml_models/scalers/NAS100/xgboost_scaler.joblib: Duplicate object found in destination - ignoring
[2026-07-06_112001] BazaarNama gdrive backup done
[2026-07-06_122001] BazaarNama gdrive backup start
2026/07/06 12:21:46 NOTICE: app/ml_models/scalers/NAS100/xgboost_scaler.joblib: Duplicate object found in destination - ignoring
2026/07/06 12:21:46 NOTICE: app/ml_models/scalers/NZDUSD/lgbm_scaler.joblib: Duplicate object found in destination - ignoring
[2026-07-06_122001] BazaarNama gdrive backup done
[2026-07-06_132001] BazaarNama gdrive backup start
2026/07/06 13:21:44 NOTICE: app/ml_models/scalers/NAS100/lstm_scaler.joblib: Duplicate object found in destination - ignoring
2026/07/06 13:21:44 NOTICE: app/ml_models/scalers/NAS100/xgboost_scaler.joblib: Duplicate object found in destination - ignoring
[2026-07-06_132001] BazaarNama gdrive backup done
[2026-07-06_142001] BazaarNama gdrive backup start
2026/07/06 14:21:42 NOTICE: app/ml_models/scalers/DE40/lstm_scaler.joblib: Duplicate object found in destination - ignoring
2026/07/06 14:21:42 NOTICE: app/ml_models/scalers/DE40/xgboost_scaler.joblib: Duplicate object found in destination - ignoring
[2026-07-06_142001] BazaarNama gdrive backup done
[2026-07-06_152001] BazaarNama gdrive backup start
2026/07/06 15:22:40 NOTICE: app/ml_models/scalers/NZDUSD/lgbm_scaler.joblib: Duplicate object found in destination - ignoring
2026/07/06 15:22:40 NOTICE: app/ml_models/scalers/DE40/xgboost_scaler.joblib: Duplicate object found in destination - ignoring
[2026-07-06_152001] BazaarNama gdrive backup done
[2026-07-06_162002] BazaarNama gdrive backup start
2026/07/06 16:21:53 NOTICE: app/ml_models/scalers/DE40/xgboost_scaler.joblib: Duplicate object found in destination - ignoring
2026/07/06 16:21:53 NOTICE: app/ml_models/scalers/NZDUSD/lgbm_scaler.joblib: Duplicate object found in destination - ignoring
[2026-07-06_162002] BazaarNama gdrive backup done
[2026-07-06_172001] BazaarNama gdrive backup start
2026/07/06 17:21:44 NOTICE: app/ml_models/scalers/NAS100/lstm_scaler.joblib: Duplicate object found in destination - ignoring
2026/07/06 17:21:44 NOTICE: app/ml_models/scalers/NAS100/xgboost_scaler.joblib: Duplicate object found in destination - ignoring
[2026-07-06_172001] BazaarNama gdrive backup done
[2026-07-06_182001] BazaarNama gdrive backup start
2026/07/06 18:21:45 NOTICE: app/ml_models/scalers/DE40/lstm_scaler.joblib: Duplicate object found in destination - ignoring
2026/07/06 18:21:45 NOTICE: app/ml_models/scalers/DE40/xgboost_scaler.joblib: Duplicate object found in destination - ignoring
[2026-07-06_182001] BazaarNama gdrive backup done
[2026-07-06_192001] BazaarNama gdrive backup start
2026/07/06 19:21:43 NOTICE: app/ml_models/scalers/NAS100/xgboost_scaler.joblib: Duplicate object found in destination - ignoring
2026/07/06 19:21:43 NOTICE: app/ml_models/scalers/DE40/xgboost_scaler.joblib: Duplicate object found in destination - ignoring
[2026-07-06_192001] BazaarNama gdrive backup done
[2026-07-06_202001] BazaarNama gdrive backup start
2026/07/06 20:21:41 NOTICE: app/ml_models/scalers/NAS100/lstm_scaler.joblib: Duplicate object found in destination - ignoring
2026/07/06 20:21:41 NOTICE: app/ml_models/scalers/NAS100/xgboost_scaler.joblib: Duplicate object found in destination - ignoring
[2026-07-06_202001] BazaarNama gdrive backup done
[2026-07-06_212001] BazaarNama gdrive backup start
2026/07/06 21:21:45 NOTICE: app/ml_models/scalers/NAS100/lstm_scaler.joblib: Duplicate object found in destination - ignoring
2026/07/06 21:21:45 NOTICE: app/ml_models/scalers/NAS100/xgboost_scaler.joblib: Duplicate object found in destination - ignoring
[2026-07-06_212001] BazaarNama gdrive backup done
[2026-07-06_222001] BazaarNama gdrive backup start
2026/07/06 22:21:41 NOTICE: app/ml_models/scalers/DE40/lstm_scaler.joblib: Duplicate object found in destination - ignoring
2026/07/06 22:21:41 NOTICE: app/ml_models/scalers/DE40/xgboost_scaler.joblib: Duplicate object found in destination - ignoring
[2026-07-06_222001] BazaarNama gdrive backup done
[2026-07-06_232001] BazaarNama gdrive backup start
2026/07/06 23:21:44 NOTICE: app/ml_models/scalers/DE40/lstm_scaler.joblib: Duplicate object found in destination - ignoring
2026/07/06 23:21:44 NOTICE: app/ml_models/scalers/DE40/xgboost_scaler.joblib: Duplicate object found in destination - ignoring
[2026-07-06_232001] BazaarNama gdrive backup done
[2026-07-07_002001] BazaarNama gdrive backup start
2026/07/07 00:21:42 NOTICE: app/ml_models/scalers/DE40/lstm_scaler.joblib: Duplicate object found in destination - ignoring
2026/07/07 00:21:42 NOTICE: app/ml_models/scalers/DE40/xgboost_scaler.joblib: Duplicate object found in destination - ignoring
[2026-07-07_002001] BazaarNama gdrive backup done
[2026-07-07_012001] BazaarNama gdrive backup start
2026/07/07 01:21:45 NOTICE: app/ml_models/scalers/DE40/lstm_scaler.joblib: Duplicate object found in destination - ignoring
2026/07/07 01:21:45 NOTICE: app/ml_models/scalers/DE40/xgboost_scaler.joblib: Duplicate object found in destination - ignoring
[2026-07-07_012001] BazaarNama gdrive backup done
[2026-07-07_022001] BazaarNama gdrive backup start
2026/07/07 02:22:01 NOTICE: app/ml_models/scalers/DE40/xgboost_scaler.joblib: Duplicate object found in destination - ignoring
2026/07/07 02:22:01 NOTICE: app/ml_models/scalers/NZDUSD/lgbm_scaler.joblib: Duplicate object found in destination - ignoring
[2026-07-07_022001] BazaarNama gdrive backup done
[2026-07-07_032001] BazaarNama gdrive backup start
2026/07/07 03:21:42 NOTICE: app/ml_models/scalers/DE40/lstm_scaler.joblib: Duplicate object found in destination - ignoring
2026/07/07 03:21:42 NOTICE: app/ml_models/scalers/DE40/xgboost_scaler.joblib: Duplicate object found in destination - ignoring
[2026-07-07_032001] BazaarNama gdrive backup done
[2026-07-07_042001] BazaarNama gdrive backup start
2026/07/07 04:21:43 NOTICE: app/ml_models/scalers/DE40/lstm_scaler.joblib: Duplicate object found in destination - ignoring
2026/07/07 04:21:43 NOTICE: app/ml_models/scalers/DE40/xgboost_scaler.joblib: Duplicate object found in destination - ignoring
[2026-07-07_042001] BazaarNama gdrive backup done
[2026-07-07_052001] BazaarNama gdrive backup start
2026/07/07 05:21:55 NOTICE: app/ml_models/scalers/DE40/lstm_scaler.joblib: Duplicate object found in destination - ignoring
2026/07/07 05:21:55 NOTICE: app/ml_models/scalers/DE40/xgboost_scaler.joblib: Duplicate object found in destination - ignoring
[2026-07-07_052001] BazaarNama gdrive backup done
[2026-07-07_062001] BazaarNama gdrive backup start
2026/07/07 06:21:45 NOTICE: app/ml_models/scalers/NAS100/xgboost_scaler.joblib: Duplicate object found in destination - ignoring
2026/07/07 06:21:45 NOTICE: app/ml_models/scalers/DE40/xgboost_scaler.joblib: Duplicate object found in destination - ignoring
[2026-07-07_062001] BazaarNama gdrive backup done
[2026-07-07_072001] BazaarNama gdrive backup start
2026/07/07 07:21:46 NOTICE: app/ml_models/scalers/NAS100/lstm_scaler.joblib: Duplicate object found in destination - ignoring
2026/07/07 07:21:46 NOTICE: app/ml_models/scalers/NAS100/xgboost_scaler.joblib: Duplicate object found in destination - ignoring
[2026-07-07_072001] BazaarNama gdrive backup done
[2026-07-07_082001] BazaarNama gdrive backup start
2026/07/07 08:21:56 NOTICE: app/ml_models/scalers/NAS100/xgboost_scaler.joblib: Duplicate object found in destination - ignoring
2026/07/07 08:21:56 NOTICE: app/ml_models/scalers/NZDUSD/lgbm_scaler.joblib: Duplicate object found in destination - ignoring
[2026-07-07_082001] BazaarNama gdrive backup done
[2026-07-07_092001] BazaarNama gdrive backup start
2026/07/07 09:21:43 NOTICE: app/ml_models/scalers/DE40/lstm_scaler.joblib: Duplicate object found in destination - ignoring
2026/07/07 09:21:43 NOTICE: app/ml_models/scalers/DE40/xgboost_scaler.joblib: Duplicate object found in destination - ignoring
[2026-07-07_092001] BazaarNama gdrive backup done
[2026-07-07_102001] BazaarNama gdrive backup start
2026/07/07 10:21:53 NOTICE: app/ml_models/scalers/NAS100/lstm_scaler.joblib: Duplicate object found in destination - ignoring
2026/07/07 10:21:53 NOTICE: app/ml_models/scalers/NAS100/xgboost_scaler.joblib: Duplicate object found in destination - ignoring
[2026-07-07_102001] BazaarNama gdrive backup done
[2026-07-07_112001] BazaarNama gdrive backup start
2026/07/07 11:21:43 NOTICE: app/ml_models/scalers/NAS100/lstm_scaler.joblib: Duplicate object found in destination - ignoring
2026/07/07 11:21:43 NOTICE: app/ml_models/scalers/NAS100/xgboost_scaler.joblib: Duplicate object found in destination - ignoring
[2026-07-07_112001] BazaarNama gdrive backup done
[2026-07-07_122001] BazaarNama gdrive backup start
2026/07/07 12:21:44 NOTICE: app/ml_models/scalers/NAS100/lstm_scaler.joblib: Duplicate object found in destination - ignoring
2026/07/07 12:21:44 NOTICE: app/ml_models/scalers/NAS100/xgboost_scaler.joblib: Duplicate object found in destination - ignoring
[2026-07-07_122001] BazaarNama gdrive backup done
[2026-07-07_132001] BazaarNama gdrive backup start
2026/07/07 13:21:42 NOTICE: app/ml_models/scalers/NAS100/lstm_scaler.joblib: Duplicate object found in destination - ignoring
2026/07/07 13:21:42 NOTICE: app/ml_models/scalers/NAS100/xgboost_scaler.joblib: Duplicate object found in destination - ignoring
[2026-07-07_132001] BazaarNama gdrive backup done
[2026-07-07_142001] BazaarNama gdrive backup start
2026/07/07 14:21:47 NOTICE: app/ml_models/scalers/NAS100/xgboost_scaler.joblib: Duplicate object found in destination - ignoring
2026/07/07 14:21:47 NOTICE: app/ml_models/scalers/DE40/xgboost_scaler.joblib: Duplicate object found in destination - ignoring
[2026-07-07_142001] BazaarNama gdrive backup done
[2026-07-07_152001] BazaarNama gdrive backup start
2026/07/07 15:21:57 NOTICE: app/ml_models/scalers/DE40/lstm_scaler.joblib: Duplicate object found in destination - ignoring
2026/07/07 15:21:57 NOTICE: app/ml_models/scalers/DE40/xgboost_scaler.joblib: Duplicate object found in destination - ignoring
[2026-07-07_152001] BazaarNama gdrive backup done
[2026-07-07_162001] BazaarNama gdrive backup start
2026/07/07 16:21:41 NOTICE: app/ml_models/scalers/DE40/lstm_scaler.joblib: Duplicate object found in destination - ignoring
2026/07/07 16:21:41 NOTICE: app/ml_models/scalers/DE40/xgboost_scaler.joblib: Duplicate object found in destination - ignoring
[2026-07-07_162001] BazaarNama gdrive backup done
[2026-07-07_172001] BazaarNama gdrive backup start
2026/07/07 17:21:43 NOTICE: app/ml_models/scalers/DE40/lstm_scaler.joblib: Duplicate object found in destination - ignoring
2026/07/07 17:21:43 NOTICE: app/ml_models/scalers/DE40/xgboost_scaler.joblib: Duplicate object found in destination - ignoring
[2026-07-07_172001] BazaarNama gdrive backup done
[2026-07-07_182001] BazaarNama gdrive backup start
2026/07/07 18:21:42 NOTICE: app/ml_models/scalers/DE40/xgboost_scaler.joblib: Duplicate object found in destination - ignoring
2026/07/07 18:21:42 NOTICE: app/ml_models/scalers/NAS100/xgboost_scaler.joblib: Duplicate object found in destination - ignoring
[2026-07-07_182001] BazaarNama gdrive backup done
[2026-07-07_192001] BazaarNama gdrive backup start
2026/07/07 19:21:44 NOTICE: app/ml_models/scalers/NAS100/lstm_scaler.joblib: Duplicate object found in destination - ignoring
2026/07/07 19:21:44 NOTICE: app/ml_models/scalers/NAS100/xgboost_scaler.joblib: Duplicate object found in destination - ignoring
[2026-07-07_192001] BazaarNama gdrive backup done
[2026-07-07_202001] BazaarNama gdrive backup start
2026/07/07 20:21:41 NOTICE: app/ml_models/scalers/NAS100/lstm_scaler.joblib: Duplicate object found in destination - ignoring
2026/07/07 20:21:41 NOTICE: app/ml_models/scalers/NAS100/xgboost_scaler.joblib: Duplicate object found in destination - ignoring
[2026-07-07_202001] BazaarNama gdrive backup done
[2026-07-07_212001] BazaarNama gdrive backup start
2026/07/07 21:21:42 NOTICE: app/ml_models/scalers/DE40/lstm_scaler.joblib: Duplicate object found in destination - ignoring
2026/07/07 21:21:42 NOTICE: app/ml_models/scalers/DE40/xgboost_scaler.joblib: Duplicate object found in destination - ignoring
[2026-07-07_212001] BazaarNama gdrive backup done
[2026-07-07_222001] BazaarNama gdrive backup start
2026/07/07 22:22:50 NOTICE: app/ml_models/scalers/DE40/lstm_scaler.joblib: Duplicate object found in destination - ignoring
2026/07/07 22:22:50 NOTICE: app/ml_models/scalers/DE40/xgboost_scaler.joblib: Duplicate object found in destination - ignoring
[2026-07-07_222001] BazaarNama gdrive backup done
[2026-07-07_232001] BazaarNama gdrive backup start
2026/07/07 23:21:43 NOTICE: app/ml_models/scalers/NAS100/xgboost_scaler.joblib: Duplicate object found in destination - ignoring
2026/07/07 23:21:43 NOTICE: app/ml_models/scalers/NZDUSD/lgbm_scaler.joblib: Duplicate object found in destination - ignoring
[2026-07-07_232001] BazaarNama gdrive backup done
[2026-07-08_002001] BazaarNama gdrive backup start
2026/07/08 00:21:41 NOTICE: app/ml_models/scalers/DE40/lstm_scaler.joblib: Duplicate object found in destination - ignoring
2026/07/08 00:21:41 NOTICE: app/ml_models/scalers/DE40/xgboost_scaler.joblib: Duplicate object found in destination - ignoring
[2026-07-08_002001] BazaarNama gdrive backup done
[2026-07-08_012001] BazaarNama gdrive backup start
2026/07/08 01:21:42 NOTICE: app/ml_models/scalers/NAS100/xgboost_scaler.joblib: Duplicate object found in destination - ignoring
2026/07/08 01:21:42 NOTICE: app/ml_models/scalers/NZDUSD/lgbm_scaler.joblib: Duplicate object found in destination - ignoring
[2026-07-08_012001] BazaarNama gdrive backup done
[2026-07-08_022001] BazaarNama gdrive backup start
2026/07/08 02:21:44 NOTICE: app/ml_models/scalers/NAS100/lstm_scaler.joblib: Duplicate object found in destination - ignoring
2026/07/08 02:21:44 NOTICE: app/ml_models/scalers/NAS100/xgboost_scaler.joblib: Duplicate object found in destination - ignoring
[2026-07-08_022001] BazaarNama gdrive backup done
[2026-07-08_032001] BazaarNama gdrive backup start
2026/07/08 03:21:43 NOTICE: app/ml_models/scalers/DE40/xgboost_scaler.joblib: Duplicate object found in destination - ignoring
2026/07/08 03:21:43 NOTICE: app/ml_models/scalers/NZDUSD/lgbm_scaler.joblib: Duplicate object found in destination - ignoring
[2026-07-08_032001] BazaarNama gdrive backup done
[2026-07-08_042001] BazaarNama gdrive backup start
2026/07/08 04:21:41 NOTICE: app/ml_models/scalers/DE40/lstm_scaler.joblib: Duplicate object found in destination - ignoring
2026/07/08 04:21:41 NOTICE: app/ml_models/scalers/DE40/xgboost_scaler.joblib: Duplicate object found in destination - ignoring
[2026-07-08_042001] BazaarNama gdrive backup done
[2026-07-08_052001] BazaarNama gdrive backup start
2026/07/08 05:21:41 NOTICE: app/ml_models/scalers/NAS100/lstm_scaler.joblib: Duplicate object found in destination - ignoring
2026/07/08 05:21:41 NOTICE: app/ml_models/scalers/NAS100/xgboost_scaler.joblib: Duplicate object found in destination - ignoring
[2026-07-08_052001] BazaarNama gdrive backup done
[2026-07-08_062001] BazaarNama gdrive backup start
2026/07/08 06:21:43 NOTICE: app/ml_models/scalers/NAS100/lstm_scaler.joblib: Duplicate object found in destination - ignoring
2026/07/08 06:21:43 NOTICE: app/ml_models/scalers/NAS100/xgboost_scaler.joblib: Duplicate object found in destination - ignoring
[2026-07-08_062001] BazaarNama gdrive backup done
[2026-07-08_072001] BazaarNama gdrive backup start
2026/07/08 07:21:57 NOTICE: app/ml_models/scalers/DE40/lstm_scaler.joblib: Duplicate object found in destination - ignoring
2026/07/08 07:21:57 NOTICE: app/ml_models/scalers/DE40/xgboost_scaler.joblib: Duplicate object found in destination - ignoring
[2026-07-08_072001] BazaarNama gdrive backup done
[2026-07-08_082001] BazaarNama gdrive backup start
2026/07/08 08:21:46 NOTICE: app/ml_models/scalers/DE40/lstm_scaler.joblib: Duplicate object found in destination - ignoring
2026/07/08 08:21:46 NOTICE: app/ml_models/scalers/DE40/xgboost_scaler.joblib: Duplicate object found in destination - ignoring
[2026-07-08_082001] BazaarNama gdrive backup done
[2026-07-08_092001] BazaarNama gdrive backup start
2026/07/08 09:21:43 NOTICE: app/ml_models/scalers/NAS100/lstm_scaler.joblib: Duplicate object found in destination - ignoring
2026/07/08 09:21:43 NOTICE: app/ml_models/scalers/NAS100/xgboost_scaler.joblib: Duplicate object found in destination - ignoring
[2026-07-08_092001] BazaarNama gdrive backup done
[2026-07-08_102001] BazaarNama gdrive backup start
2026/07/08 10:21:41 NOTICE: app/ml_models/scalers/DE40/lstm_scaler.joblib: Duplicate object found in destination - ignoring
2026/07/08 10:21:41 NOTICE: app/ml_models/scalers/DE40/xgboost_scaler.joblib: Duplicate object found in destination - ignoring
[2026-07-08_102001] BazaarNama gdrive backup done
[2026-07-08_112001] BazaarNama gdrive backup start
2026/07/08 11:21:42 NOTICE: app/ml_models/scalers/NAS100/xgboost_scaler.joblib: Duplicate object found in destination - ignoring
2026/07/08 11:21:42 NOTICE: app/ml_models/scalers/NZDUSD/lgbm_scaler.joblib: Duplicate object found in destination - ignoring
[2026-07-08_112001] BazaarNama gdrive backup done
[2026-07-08_122001] BazaarNama gdrive backup start
2026/07/08 12:21:42 NOTICE: app/ml_models/scalers/DE40/lstm_scaler.joblib: Duplicate object found in destination - ignoring
2026/07/08 12:21:42 NOTICE: app/ml_models/scalers/DE40/xgboost_scaler.joblib: Duplicate object found in destination - ignoring
[2026-07-08_122001] BazaarNama gdrive backup done
[2026-07-08_132001] BazaarNama gdrive backup start
2026/07/08 13:21:44 NOTICE: app/ml_models/scalers/NAS100/lstm_scaler.joblib: Duplicate object found in destination - ignoring
2026/07/08 13:21:44 NOTICE: app/ml_models/scalers/NAS100/xgboost_scaler.joblib: Duplicate object found in destination - ignoring
[2026-07-08_132001] BazaarNama gdrive backup done
[2026-07-08_142001] BazaarNama gdrive backup start
2026/07/08 14:21:45 NOTICE: app/ml_models/scalers/DE40/xgboost_scaler.joblib: Duplicate object found in destination - ignoring
2026/07/08 14:21:45 NOTICE: app/ml_models/scalers/NAS100/xgboost_scaler.joblib: Duplicate object found in destination - ignoring
[2026-07-08_142001] BazaarNama gdrive backup done
[2026-07-08_152001] BazaarNama gdrive backup start
2026/07/08 15:21:49 NOTICE: app/ml_models/scalers/DE40/lstm_scaler.joblib: Duplicate object found in destination - ignoring
2026/07/08 15:21:49 NOTICE: app/ml_models/scalers/DE40/xgboost_scaler.joblib: Duplicate object found in destination - ignoring
[2026-07-08_152001] BazaarNama gdrive backup done
[2026-07-08_162001] BazaarNama gdrive backup start
2026/07/08 16:21:40 NOTICE: app/ml_models/scalers/NAS100/xgboost_scaler.joblib: Duplicate object found in destination - ignoring
2026/07/08 16:21:40 NOTICE: app/ml_models/scalers/NZDUSD/lgbm_scaler.joblib: Duplicate object found in destination - ignoring
[2026-07-08_162001] BazaarNama gdrive backup done
[2026-07-08_172001] BazaarNama gdrive backup start
2026/07/08 17:21:53 NOTICE: app/ml_models/scalers/DE40/lstm_scaler.joblib: Duplicate object found in destination - ignoring
2026/07/08 17:21:53 NOTICE: app/ml_models/scalers/DE40/xgboost_scaler.joblib: Duplicate object found in destination - ignoring
[2026-07-08_172001] BazaarNama gdrive backup done
[2026-07-08_182002] BazaarNama gdrive backup start
2026/07/08 18:21:42 NOTICE: app/ml_models/scalers/DE40/lstm_scaler.joblib: Duplicate object found in destination - ignoring
2026/07/08 18:21:42 NOTICE: app/ml_models/scalers/DE40/xgboost_scaler.joblib: Duplicate object found in destination - ignoring
[2026-07-08_182002] BazaarNama gdrive backup done
[2026-07-08_192001] BazaarNama gdrive backup start
2026/07/08 19:22:52 NOTICE: app/ml_models/scalers/DE40/lstm_scaler.joblib: Duplicate object found in destination - ignoring
2026/07/08 19:22:52 NOTICE: app/ml_models/scalers/DE40/xgboost_scaler.joblib: Duplicate object found in destination - ignoring
[2026-07-08_192001] BazaarNama gdrive backup done
[2026-07-08_202001] BazaarNama gdrive backup start
2026/07/08 20:21:51 NOTICE: app/ml_models/scalers/NAS100/xgboost_scaler.joblib: Duplicate object found in destination - ignoring
2026/07/08 20:21:51 NOTICE: app/ml_models/scalers/DE40/xgboost_scaler.joblib: Duplicate object found in destination - ignoring
[2026-07-08_202001] BazaarNama gdrive backup done
[2026-07-08_212001] BazaarNama gdrive backup start
2026/07/08 21:21:41 NOTICE: app/ml_models/scalers/DE40/lstm_scaler.joblib: Duplicate object found in destination - ignoring
2026/07/08 21:21:41 NOTICE: app/ml_models/scalers/DE40/xgboost_scaler.joblib: Duplicate object found in destination - ignoring
[2026-07-08_212001] BazaarNama gdrive backup done
[2026-07-08_222001] BazaarNama gdrive backup start
2026/07/08 22:21:59 NOTICE: app/ml_models/scalers/NAS100/xgboost_scaler.joblib: Duplicate object found in destination - ignoring
2026/07/08 22:21:59 NOTICE: app/ml_models/scalers/NZDUSD/lgbm_scaler.joblib: Duplicate object found in destination - ignoring
[2026-07-08_222001] BazaarNama gdrive backup done
[2026-07-08_232001] BazaarNama gdrive backup start
2026/07/08 23:21:41 NOTICE: app/ml_models/scalers/DE40/lstm_scaler.joblib: Duplicate object found in destination - ignoring
2026/07/08 23:21:41 NOTICE: app/ml_models/scalers/DE40/xgboost_scaler.joblib: Duplicate object found in destination - ignoring
[2026-07-08_232001] BazaarNama gdrive backup done
[2026-07-09_002001] BazaarNama gdrive backup start
2026/07/09 00:21:53 NOTICE: app/ml_models/scalers/NAS100/lstm_scaler.joblib: Duplicate object found in destination - ignoring
2026/07/09 00:21:53 NOTICE: app/ml_models/scalers/NAS100/xgboost_scaler.joblib: Duplicate object found in destination - ignoring
[2026-07-09_002001] BazaarNama gdrive backup done
[2026-07-09_012001] BazaarNama gdrive backup start
2026/07/09 01:21:43 NOTICE: app/ml_models/scalers/NAS100/lstm_scaler.joblib: Duplicate object found in destination - ignoring
2026/07/09 01:21:43 NOTICE: app/ml_models/scalers/NAS100/xgboost_scaler.joblib: Duplicate object found in destination - ignoring
[2026-07-09_012001] BazaarNama gdrive backup done
[2026-07-09_022001] BazaarNama gdrive backup start
[1000 27 100 1000 1001date +%F_%T)] backup already running — skip
[1000 27 100 1000 1001date +%F_%T)] backup already running — skip
[1000 27 100 1000 1001date +%F_%T)] backup already running — skip
2026/07/09 05:46:59 NOTICE: app/ml_models/scalers/DE40/xgboost_scaler.joblib: Duplicate object found in destination - ignoring
2026/07/09 05:48:03 ERROR : Attempt 2/3 succeeded
[2026-07-09_022001] BazaarNama gdrive backup done
[2026-07-09_062001] BazaarNama gdrive backup start
2026/07/09 06:24:01 NOTICE: app/ml_models/scalers/NAS100/lstm_scaler.joblib: Duplicate object found in destination - ignoring
2026/07/09 06:24:01 NOTICE: app/ml_models/scalers/NAS100/xgboost_scaler.joblib: Duplicate object found in destination - ignoring
[2026-07-09_062001] BazaarNama gdrive backup done
[2026-07-09_072001] BazaarNama gdrive backup start
2026/07/09 07:26:36 NOTICE: app/ml_models/scalers/NAS100/xgboost_scaler.joblib: Duplicate object found in destination - ignoring
2026/07/09 07:26:58 ERROR : Attempt 2/3 succeeded
[2026-07-09_072001] BazaarNama gdrive backup done
[2026-07-09_082001] BazaarNama gdrive backup start
2026/07/09 08:29:12 NOTICE: app/ml_models/scalers/DE40/xgboost_scaler.joblib: Duplicate object found in destination - ignoring
2026/07/09 08:29:51 ERROR : Attempt 3/3 succeeded
[2026-07-09_082001] BazaarNama gdrive backup done
[2026-07-09_092001] BazaarNama gdrive backup start
2026/07/09 09:21:56 NOTICE: app/ml_models/scalers/DE40/xgboost_scaler.joblib: Duplicate object found in destination - ignoring
2026/07/09 09:21:56 NOTICE: app/ml_models/scalers/NZDUSD/lgbm_scaler.joblib: Duplicate object found in destination - ignoring
[2026-07-09_092001] BazaarNama gdrive backup done
[2026-07-09_102001] BazaarNama gdrive backup start
2026/07/09 10:27:18 NOTICE: app/ml_models/scalers/NAS100/xgboost_scaler.joblib: Duplicate object found in destination - ignoring
2026/07/09 10:27:43 ERROR : Attempt 2/3 succeeded
[2026-07-09_102001] BazaarNama gdrive backup done
[2026-07-09_112001] BazaarNama gdrive backup start
2026/07/09 11:23:04 NOTICE: app/ml_models/scalers/DE40/lstm_scaler.joblib: Duplicate object found in destination - ignoring
2026/07/09 11:23:04 NOTICE: app/ml_models/scalers/DE40/xgboost_scaler.joblib: Duplicate object found in destination - ignoring
[2026-07-09_112001] BazaarNama gdrive backup done
[2026-07-09_122001] BazaarNama gdrive backup start
2026/07/09 12:23:07 NOTICE: app/ml_models/scalers/NAS100/lstm_scaler.joblib: Duplicate object found in destination - ignoring
2026/07/09 12:23:07 NOTICE: app/ml_models/scalers/NAS100/xgboost_scaler.joblib: Duplicate object found in destination - ignoring
[2026-07-09_122001] BazaarNama gdrive backup done
[2026-07-09_132001] BazaarNama gdrive backup start
2026/07/09 13:23:10 NOTICE: app/ml_models/scalers/NAS100/xgboost_scaler.joblib: Duplicate object found in destination - ignoring
2026/07/09 13:23:10 NOTICE: app/ml_models/scalers/DE40/xgboost_scaler.joblib: Duplicate object found in destination - ignoring
[2026-07-09_132001] BazaarNama gdrive backup done
[2026-07-09_142001] BazaarNama gdrive backup start
2026/07/09 14:23:12 NOTICE: app/ml_models/scalers/NAS100/lstm_scaler.joblib: Duplicate object found in destination - ignoring
2026/07/09 14:23:12 NOTICE: app/ml_models/scalers/NAS100/xgboost_scaler.joblib: Duplicate object found in destination - ignoring
[2026-07-09_142001] BazaarNama gdrive backup done
[2026-07-09_152001] BazaarNama gdrive backup start
2026/07/09 15:27:02 NOTICE: app/ml_models/scalers/DE40/xgboost_scaler.joblib: Duplicate object found in destination - ignoring
2026/07/09 15:28:03 ERROR : Attempt 2/3 succeeded
[2026-07-09_152001] BazaarNama gdrive backup done
[2026-07-09_162001] BazaarNama gdrive backup start
2026/07/09 16:22:06 NOTICE: app/ml_models/scalers/DE40/lstm_scaler.joblib: Duplicate object found in destination - ignoring
2026/07/09 16:22:06 NOTICE: app/ml_models/scalers/DE40/xgboost_scaler.joblib: Duplicate object found in destination - ignoring
[2026-07-09_162001] BazaarNama gdrive backup done
[2026-07-09_172001] BazaarNama gdrive backup start
2026/07/09 17:26:05 NOTICE: app/ml_models/scalers/DE40/xgboost_scaler.joblib: Duplicate object found in destination - ignoring
2026/07/09 17:28:00 ERROR : Attempt 2/3 succeeded
[2026-07-09_172001] BazaarNama gdrive backup done
[2026-07-09_182001] BazaarNama gdrive backup start
2026/07/09 18:23:04 NOTICE: app/ml_models/scalers/DE40/xgboost_scaler.joblib: Duplicate object found in destination - ignoring
2026/07/09 18:23:04 NOTICE: app/ml_models/scalers/NZDUSD/lgbm_scaler.joblib: Duplicate object found in destination - ignoring
[2026-07-09_182001] BazaarNama gdrive backup done
[2026-07-09_192001] BazaarNama gdrive backup start
2026/07/09 19:22:09 NOTICE: app/ml_models/scalers/DE40/lstm_scaler.joblib: Duplicate object found in destination - ignoring
2026/07/09 19:22:09 NOTICE: app/ml_models/scalers/DE40/xgboost_scaler.joblib: Duplicate object found in destination - ignoring
[2026-07-09_192001] BazaarNama gdrive backup done
[2026-07-09_202001] BazaarNama gdrive backup start
2026/07/09 20:23:05 NOTICE: app/ml_models/scalers/NAS100/lstm_scaler.joblib: Duplicate object found in destination - ignoring
2026/07/09 20:23:05 NOTICE: app/ml_models/scalers/NAS100/xgboost_scaler.joblib: Duplicate object found in destination - ignoring
[2026-07-09_202001] BazaarNama gdrive backup done
[2026-07-09_212001] BazaarNama gdrive backup start
2026/07/09 21:22:46 NOTICE: app/ml_models/scalers/DE40/lstm_scaler.joblib: Duplicate object found in destination - ignoring
2026/07/09 21:22:46 NOTICE: app/ml_models/scalers/DE40/xgboost_scaler.joblib: Duplicate object found in destination - ignoring
[2026-07-09_212001] BazaarNama gdrive backup done
[2026-07-09_222001] BazaarNama gdrive backup start
2026/07/09 22:22:41 NOTICE: app/ml_models/scalers/NAS100/lstm_scaler.joblib: Duplicate object found in destination - ignoring
2026/07/09 22:22:41 NOTICE: app/ml_models/scalers/NAS100/xgboost_scaler.joblib: Duplicate object found in destination - ignoring
[2026-07-09_222001] BazaarNama gdrive backup done
[2026-07-09_232001] BazaarNama gdrive backup start
2026/07/09 23:23:00 NOTICE: app/ml_models/scalers/DE40/lstm_scaler.joblib: Duplicate object found in destination - ignoring
2026/07/09 23:23:00 NOTICE: app/ml_models/scalers/DE40/xgboost_scaler.joblib: Duplicate object found in destination - ignoring
[2026-07-09_232001] BazaarNama gdrive backup done
[2026-07-10_002001] BazaarNama gdrive backup start
2026/07/10 00:23:36 NOTICE: app/ml_models/scalers/DE40/lstm_scaler.joblib: Duplicate object found in destination - ignoring
2026/07/10 00:23:36 NOTICE: app/ml_models/scalers/DE40/xgboost_scaler.joblib: Duplicate object found in destination - ignoring
[2026-07-10_002001] BazaarNama gdrive backup done
[2026-07-10_012001] BazaarNama gdrive backup start
2026/07/10 01:24:30 NOTICE: app/ml_models/scalers/NAS100/lstm_scaler.joblib: Duplicate object found in destination - ignoring
2026/07/10 01:24:30 NOTICE: app/ml_models/scalers/NAS100/xgboost_scaler.joblib: Duplicate object found in destination - ignoring
[2026-07-10_012001] BazaarNama gdrive backup done
[2026-07-10_022001] BazaarNama gdrive backup start
2026/07/10 02:21:53 NOTICE: app/ml_models/scalers/DE40/lstm_scaler.joblib: Duplicate object found in destination - ignoring
2026/07/10 02:21:53 NOTICE: app/ml_models/scalers/DE40/xgboost_scaler.joblib: Duplicate object found in destination - ignoring
[2026-07-10_022001] BazaarNama gdrive backup done
[2026-07-10_032001] BazaarNama gdrive backup start
2026/07/10 03:22:51 NOTICE: app/ml_models/scalers/NAS100/lstm_scaler.joblib: Duplicate object found in destination - ignoring
2026/07/10 03:22:51 NOTICE: app/ml_models/scalers/NAS100/xgboost_scaler.joblib: Duplicate object found in destination - ignoring
[2026-07-10_032001] BazaarNama gdrive backup done
[2026-07-10_042001] BazaarNama gdrive backup start
2026/07/10 04:22:30 NOTICE: app/ml_models/scalers/DE40/lstm_scaler.joblib: Duplicate object found in destination - ignoring
2026/07/10 04:22:30 NOTICE: app/ml_models/scalers/DE40/xgboost_scaler.joblib: Duplicate object found in destination - ignoring
[2026-07-10_042001] BazaarNama gdrive backup done
[2026-07-10_052001] BazaarNama gdrive backup start
2026/07/10 05:22:35 NOTICE: app/ml_models/scalers/NZDUSD/lgbm_scaler.joblib: Duplicate object found in destination - ignoring
2026/07/10 05:22:35 NOTICE: app/ml_models/scalers/DE40/xgboost_scaler.joblib: Duplicate object found in destination - ignoring
[2026-07-10_052001] BazaarNama gdrive backup done
[2026-07-10_062001] BazaarNama gdrive backup start
2026/07/10 06:21:59 NOTICE: app/ml_models/scalers/NAS100/xgboost_scaler.joblib: Duplicate object found in destination - ignoring
2026/07/10 06:21:59 NOTICE: app/ml_models/scalers/NZDUSD/lgbm_scaler.joblib: Duplicate object found in destination - ignoring
[2026-07-10_062001] BazaarNama gdrive backup done
[2026-07-10_072001] BazaarNama gdrive backup start
2026/07/10 07:21:59 NOTICE: app/ml_models/scalers/DE40/lstm_scaler.joblib: Duplicate object found in destination - ignoring
2026/07/10 07:21:59 NOTICE: app/ml_models/scalers/DE40/xgboost_scaler.joblib: Duplicate object found in destination - ignoring
[2026-07-10_072001] BazaarNama gdrive backup done
[2026-07-10_082001] BazaarNama gdrive backup start
2026/07/10 08:22:58 NOTICE: app/ml_models/scalers/DE40/lstm_scaler.joblib: Duplicate object found in destination - ignoring
2026/07/10 08:22:58 NOTICE: app/ml_models/scalers/DE40/xgboost_scaler.joblib: Duplicate object found in destination - ignoring
[2026-07-10_082001] BazaarNama gdrive backup done
[2026-07-10_092001] BazaarNama gdrive backup start
2026/07/10 09:21:56 NOTICE: app/ml_models/scalers/NZDUSD/lgbm_scaler.joblib: Duplicate object found in destination - ignoring
2026/07/10 09:21:56 NOTICE: app/ml_models/scalers/NAS100/xgboost_scaler.joblib: Duplicate object found in destination - ignoring
[2026-07-10_092001] BazaarNama gdrive backup done
[2026-07-10_102001] BazaarNama gdrive backup start
2026/07/10 10:21:58 NOTICE: app/ml_models/scalers/NAS100/xgboost_scaler.joblib: Duplicate object found in destination - ignoring
2026/07/10 10:21:58 NOTICE: app/ml_models/scalers/NZDUSD/lgbm_scaler.joblib: Duplicate object found in destination - ignoring
[2026-07-10_102001] BazaarNama gdrive backup done
[2026-07-10_112001] BazaarNama gdrive backup start
2026/07/10 11:22:00 NOTICE: app/ml_models/scalers/NAS100/lstm_scaler.joblib: Duplicate object found in destination - ignoring
2026/07/10 11:22:00 NOTICE: app/ml_models/scalers/NAS100/xgboost_scaler.joblib: Duplicate object found in destination - ignoring
[2026-07-10_112001] BazaarNama gdrive backup done
[2026-07-10_122001] BazaarNama gdrive backup start
2026/07/10 12:22:38 NOTICE: app/ml_models/scalers/DE40/lstm_scaler.joblib: Duplicate object found in destination - ignoring
2026/07/10 12:22:38 NOTICE: app/ml_models/scalers/DE40/xgboost_scaler.joblib: Duplicate object found in destination - ignoring
[2026-07-10_122001] BazaarNama gdrive backup done
[2026-07-10_132001] BazaarNama gdrive backup start
2026/07/10 13:21:49 NOTICE: app/ml_models/scalers/NAS100/xgboost_scaler.joblib: Duplicate object found in destination - ignoring
2026/07/10 13:21:49 NOTICE: app/ml_models/scalers/NZDUSD/lgbm_scaler.joblib: Duplicate object found in destination - ignoring
[2026-07-10_132001] BazaarNama gdrive backup done
[2026-07-10_142001] BazaarNama gdrive backup start
2026/07/10 14:21:51 NOTICE: app/ml_models/scalers/DE40/lstm_scaler.joblib: Duplicate object found in destination - ignoring
2026/07/10 14:21:51 NOTICE: app/ml_models/scalers/DE40/xgboost_scaler.joblib: Duplicate object found in destination - ignoring
[2026-07-10_142001] BazaarNama gdrive backup done
[2026-07-10_152001] BazaarNama gdrive backup start
2026/07/10 15:27:13 NOTICE: app/ml_models/scalers/NAS100/xgboost_scaler.joblib: Duplicate object found in destination - ignoring
2026/07/10 15:27:54 ERROR : Attempt 2/3 succeeded
[2026-07-10_152001] BazaarNama gdrive backup done
[2026-07-10_162001] BazaarNama gdrive backup start
2026/07/10 16:21:51 NOTICE: app/ml_models/scalers/NAS100/xgboost_scaler.joblib: Duplicate object found in destination - ignoring
2026/07/10 16:21:51 NOTICE: app/ml_models/scalers/NZDUSD/lgbm_scaler.joblib: Duplicate object found in destination - ignoring
[2026-07-10_162001] BazaarNama gdrive backup done
[2026-07-10_172001] BazaarNama gdrive backup start
2026/07/10 17:22:00 NOTICE: app/ml_models/scalers/NAS100/xgboost_scaler.joblib: Duplicate object found in destination - ignoring
2026/07/10 17:22:00 NOTICE: app/ml_models/scalers/NZDUSD/lgbm_scaler.joblib: Duplicate object found in destination - ignoring
[2026-07-10_172001] BazaarNama gdrive backup done
[2026-07-10_182001] BazaarNama gdrive backup start
2026/07/10 18:21:54 NOTICE: app/ml_models/scalers/DE40/xgboost_scaler.joblib: Duplicate object found in destination - ignoring
2026/07/10 18:21:54 NOTICE: app/ml_models/scalers/NZDUSD/lgbm_scaler.joblib: Duplicate object found in destination - ignoring
[2026-07-10_182001] BazaarNama gdrive backup done
[2026-07-10_192001] BazaarNama gdrive backup start
2026/07/10 19:22:36 NOTICE: app/ml_models/scalers/DE40/lstm_scaler.joblib: Duplicate object found in destination - ignoring
2026/07/10 19:22:36 NOTICE: app/ml_models/scalers/DE40/xgboost_scaler.joblib: Duplicate object found in destination - ignoring
[2026-07-10_192001] BazaarNama gdrive backup done
[2026-07-10_202001] BazaarNama gdrive backup start
2026/07/10 20:22:26 NOTICE: app/ml_models/scalers/NAS100/lstm_scaler.joblib: Duplicate object found in destination - ignoring
2026/07/10 20:22:26 NOTICE: app/ml_models/scalers/NAS100/xgboost_scaler.joblib: Duplicate object found in destination - ignoring
[2026-07-10_202001] BazaarNama gdrive backup done
[2026-07-10_212001] BazaarNama gdrive backup start
2026/07/10 21:21:57 NOTICE: app/ml_models/scalers/NAS100/lstm_scaler.joblib: Duplicate object found in destination - ignoring
2026/07/10 21:21:57 NOTICE: app/ml_models/scalers/NAS100/xgboost_scaler.joblib: Duplicate object found in destination - ignoring
[2026-07-10_212001] BazaarNama gdrive backup done
[2026-07-10_222001] BazaarNama gdrive backup start
2026/07/10 22:21:57 NOTICE: app/ml_models/scalers/DE40/lstm_scaler.joblib: Duplicate object found in destination - ignoring
2026/07/10 22:21:57 NOTICE: app/ml_models/scalers/DE40/xgboost_scaler.joblib: Duplicate object found in destination - ignoring
[2026-07-10_222001] BazaarNama gdrive backup done
[2026-07-10_232001] BazaarNama gdrive backup start
2026/07/10 23:27:59 NOTICE: app/ml_models/scalers/NAS100/xgboost_scaler.joblib: Duplicate object found in destination - ignoring
2026/07/10 23:32:56 ERROR : Attempt 2/3 succeeded
[2026-07-10_232001] BazaarNama gdrive backup done
[2026-07-11_002001] BazaarNama gdrive backup start
2026/07/11 00:22:58 NOTICE: app/ml_models/scalers/DE40/lstm_scaler.joblib: Duplicate object found in destination - ignoring
2026/07/11 00:22:58 NOTICE: app/ml_models/scalers/DE40/xgboost_scaler.joblib: Duplicate object found in destination - ignoring
[2026-07-11_002001] BazaarNama gdrive backup done
[2026-07-11_012001] BazaarNama gdrive backup start
2026/07/11 01:29:08 NOTICE: app/ml_models/scalers/NZDUSD/lgbm_scaler.joblib: Duplicate object found in destination - ignoring
2026/07/11 01:33:57 ERROR : Attempt 2/3 succeeded
[2026-07-11_012001] BazaarNama gdrive backup done
[2026-07-11_022001] BazaarNama gdrive backup start
2026/07/11 02:21:55 NOTICE: app/ml_models/scalers/NAS100/xgboost_scaler.joblib: Duplicate object found in destination - ignoring
2026/07/11 02:21:55 NOTICE: app/ml_models/scalers/NZDUSD/lgbm_scaler.joblib: Duplicate object found in destination - ignoring
[2026-07-11_022001] BazaarNama gdrive backup done
[2026-07-11_032001] BazaarNama gdrive backup start
2026/07/11 03:24:36 NOTICE: app/ml_models/scalers/DE40/xgboost_scaler.joblib: Duplicate object found in destination - ignoring
2026/07/11 03:24:36 NOTICE: app/ml_models/scalers/NZDUSD/lgbm_scaler.joblib: Duplicate object found in destination - ignoring
[2026-07-11_032001] BazaarNama gdrive backup done
[2026-07-11_042001] BazaarNama gdrive backup start
2026/07/11 04:22:27 NOTICE: app/ml_models/scalers/NAS100/lstm_scaler.joblib: Duplicate object found in destination - ignoring
2026/07/11 04:22:27 NOTICE: app/ml_models/scalers/NAS100/xgboost_scaler.joblib: Duplicate object found in destination - ignoring
[2026-07-11_042001] BazaarNama gdrive backup done
[2026-07-11_052001] BazaarNama gdrive backup start
2026/07/11 05:22:57 NOTICE: app/ml_models/scalers/NAS100/lstm_scaler.joblib: Duplicate object found in destination - ignoring
2026/07/11 05:22:57 NOTICE: app/ml_models/scalers/NAS100/xgboost_scaler.joblib: Duplicate object found in destination - ignoring
[2026-07-11_052001] BazaarNama gdrive backup done
[2026-07-11_062001] BazaarNama gdrive backup start
2026/07/11 06:23:29 NOTICE: app/ml_models/scalers/DE40/xgboost_scaler.joblib: Duplicate object found in destination - ignoring
2026/07/11 06:23:29 NOTICE: app/ml_models/scalers/NAS100/xgboost_scaler.joblib: Duplicate object found in destination - ignoring
[2026-07-11_062001] BazaarNama gdrive backup done
[2026-07-11_072001] BazaarNama gdrive backup start
2026/07/11 07:22:56 NOTICE: app/ml_models/scalers/NAS100/xgboost_scaler.joblib: Duplicate object found in destination - ignoring
2026/07/11 07:22:56 NOTICE: app/ml_models/scalers/DE40/xgboost_scaler.joblib: Duplicate object found in destination - ignoring
[2026-07-11_072001] BazaarNama gdrive backup done
[2026-07-11_082001] BazaarNama gdrive backup start
2026/07/11 08:23:02 NOTICE: app/ml_models/scalers/NAS100/xgboost_scaler.joblib: Duplicate object found in destination - ignoring
2026/07/11 08:23:02 NOTICE: app/ml_models/scalers/NZDUSD/lgbm_scaler.joblib: Duplicate object found in destination - ignoring
[2026-07-11_082001] BazaarNama gdrive backup done
[2026-07-11_092001] BazaarNama gdrive backup start
2026/07/11 09:21:59 NOTICE: app/ml_models/scalers/NAS100/lstm_scaler.joblib: Duplicate object found in destination - ignoring
2026/07/11 09:21:59 NOTICE: app/ml_models/scalers/NAS100/xgboost_scaler.joblib: Duplicate object found in destination - ignoring
[2026-07-11_092001] BazaarNama gdrive backup done
[2026-07-11_102001] BazaarNama gdrive backup start
2026/07/11 10:22:39 NOTICE: app/ml_models/scalers/NAS100/xgboost_scaler.joblib: Duplicate object found in destination - ignoring
2026/07/11 10:22:39 NOTICE: app/ml_models/scalers/NZDUSD/lgbm_scaler.joblib: Duplicate object found in destination - ignoring
[2026-07-11_102001] BazaarNama gdrive backup done
[2026-07-11_112001] BazaarNama gdrive backup start
2026/07/11 11:22:39 NOTICE: app/ml_models/scalers/DE40/lstm_scaler.joblib: Duplicate object found in destination - ignoring
2026/07/11 11:22:39 NOTICE: app/ml_models/scalers/DE40/xgboost_scaler.joblib: Duplicate object found in destination - ignoring
[2026-07-11_112001] BazaarNama gdrive backup done
[2026-07-11_122001] BazaarNama gdrive backup start
2026/07/11 12:23:01 NOTICE: app/ml_models/scalers/NZDUSD/lgbm_scaler.joblib: Duplicate object found in destination - ignoring
2026/07/11 12:24:01 ERROR : Attempt 2/3 succeeded
[2026-07-11_122001] BazaarNama gdrive backup done
[2026-07-11_132001] BazaarNama gdrive backup start
2026/07/11 13:22:24 NOTICE: app/ml_models/scalers/NAS100/lstm_scaler.joblib: Duplicate object found in destination - ignoring
2026/07/11 13:22:24 NOTICE: app/ml_models/scalers/NAS100/xgboost_scaler.joblib: Duplicate object found in destination - ignoring
[2026-07-11_132001] BazaarNama gdrive backup done
[2026-07-11_142001] BazaarNama gdrive backup start
2026/07/11 14:21:59 NOTICE: app/ml_models/scalers/NAS100/xgboost_scaler.joblib: Duplicate object found in destination - ignoring
2026/07/11 14:21:59 NOTICE: app/ml_models/scalers/NZDUSD/lgbm_scaler.joblib: Duplicate object found in destination - ignoring
[2026-07-11_142001] BazaarNama gdrive backup done
[2026-07-11_152001] BazaarNama gdrive backup start
2026/07/11 15:25:01 NOTICE: app/ml_models/scalers/NAS100/lstm_scaler.joblib: Duplicate object found in destination - ignoring
2026/07/11 15:25:01 NOTICE: app/ml_models/scalers/NAS100/xgboost_scaler.joblib: Duplicate object found in destination - ignoring
[2026-07-11_152001] BazaarNama gdrive backup done
[2026-07-11_162001] BazaarNama gdrive backup start
2026/07/11 16:21:52 NOTICE: app/ml_models/scalers/DE40/lstm_scaler.joblib: Duplicate object found in destination - ignoring
2026/07/11 16:21:52 NOTICE: app/ml_models/scalers/DE40/xgboost_scaler.joblib: Duplicate object found in destination - ignoring
[2026-07-11_162001] BazaarNama gdrive backup done
[2026-07-11_172001] BazaarNama gdrive backup start
2026/07/11 17:22:26 NOTICE: app/ml_models/scalers/DE40/lstm_scaler.joblib: Duplicate object found in destination - ignoring
2026/07/11 17:22:26 NOTICE: app/ml_models/scalers/DE40/xgboost_scaler.joblib: Duplicate object found in destination - ignoring
[2026-07-11_172001] BazaarNama gdrive backup done
[2026-07-11_182001] BazaarNama gdrive backup start
2026/07/11 18:22:59 NOTICE: app/ml_models/scalers/NAS100/lstm_scaler.joblib: Duplicate object found in destination - ignoring
2026/07/11 18:22:59 NOTICE: app/ml_models/scalers/NAS100/xgboost_scaler.joblib: Duplicate object found in destination - ignoring
[2026-07-11_182001] BazaarNama gdrive backup done
[2026-07-11_192001] BazaarNama gdrive backup start
2026/07/11 19:21:49 NOTICE: app/ml_models/scalers/NAS100/lstm_scaler.joblib: Duplicate object found in destination - ignoring
2026/07/11 19:21:49 NOTICE: app/ml_models/scalers/NAS100/xgboost_scaler.joblib: Duplicate object found in destination - ignoring
[2026-07-11_192001] BazaarNama gdrive backup done
[2026-07-11_202001] BazaarNama gdrive backup start
2026/07/11 20:22:38 NOTICE: app/ml_models/scalers/NAS100/xgboost_scaler.joblib: Duplicate object found in destination - ignoring
2026/07/11 20:22:38 NOTICE: app/ml_models/scalers/NZDUSD/lgbm_scaler.joblib: Duplicate object found in destination - ignoring
[2026-07-11_202001] BazaarNama gdrive backup done
[2026-07-11_212001] BazaarNama gdrive backup start
2026/07/11 21:23:37 NOTICE: app/ml_models/scalers/NAS100/lstm_scaler.joblib: Duplicate object found in destination - ignoring
2026/07/11 21:23:37 NOTICE: app/ml_models/scalers/NAS100/xgboost_scaler.joblib: Duplicate object found in destination - ignoring
[2026-07-11_212001] BazaarNama gdrive backup done
[2026-07-11_222001] BazaarNama gdrive backup start
2026/07/11 22:23:24 NOTICE: app/ml_models/scalers/NAS100/xgboost_scaler.joblib: Duplicate object found in destination - ignoring
2026/07/11 22:23:24 NOTICE: app/ml_models/scalers/NZDUSD/lgbm_scaler.joblib: Duplicate object found in destination - ignoring
[2026-07-11_222001] BazaarNama gdrive backup done
[2026-07-11_232001] BazaarNama gdrive backup start
2026/07/11 23:21:55 NOTICE: app/ml_models/scalers/NAS100/xgboost_scaler.joblib: Duplicate object found in destination - ignoring
2026/07/11 23:21:55 NOTICE: app/ml_models/scalers/NZDUSD/lgbm_scaler.joblib: Duplicate object found in destination - ignoring
[2026-07-11_232001] BazaarNama gdrive backup done
[2026-07-12_002001] BazaarNama gdrive backup start
2026/07/12 00:23:37 NOTICE: app/ml_models/scalers/NZDUSD/lgbm_scaler.joblib: Duplicate object found in destination - ignoring
2026/07/12 00:23:37 NOTICE: app/ml_models/scalers/NAS100/xgboost_scaler.joblib: Duplicate object found in destination - ignoring
[2026-07-12_002001] BazaarNama gdrive backup done
[2026-07-12_012001] BazaarNama gdrive backup start
2026/07/12 01:22:26 NOTICE: app/ml_models/scalers/NAS100/xgboost_scaler.joblib: Duplicate object found in destination - ignoring
2026/07/12 01:22:26 NOTICE: app/ml_models/scalers/NZDUSD/lgbm_scaler.joblib: Duplicate object found in destination - ignoring
[2026-07-12_012001] BazaarNama gdrive backup done
[2026-07-12_022001] BazaarNama gdrive backup start
2026/07/12 02:22:01 NOTICE: app/ml_models/scalers/NAS100/xgboost_scaler.joblib: Duplicate object found in destination - ignoring
2026/07/12 02:22:01 NOTICE: app/ml_models/scalers/NZDUSD/lgbm_scaler.joblib: Duplicate object found in destination - ignoring
[2026-07-12_022001] BazaarNama gdrive backup done
[2026-07-12_032001] BazaarNama gdrive backup start
2026/07/12 03:22:51 NOTICE: app/ml_models/scalers/NAS100/xgboost_scaler.joblib: Duplicate object found in destination - ignoring
2026/07/12 03:22:51 NOTICE: app/ml_models/scalers/NZDUSD/lgbm_scaler.joblib: Duplicate object found in destination - ignoring
[2026-07-12_032001] BazaarNama gdrive backup done
[2026-07-12_042001] BazaarNama gdrive backup start
2026/07/12 04:23:01 NOTICE: app/ml_models/scalers/NAS100/xgboost_scaler.joblib: Duplicate object found in destination - ignoring
2026/07/12 04:23:01 NOTICE: app/ml_models/scalers/DE40/xgboost_scaler.joblib: Duplicate object found in destination - ignoring
[2026-07-12_042001] BazaarNama gdrive backup done
[2026-07-12_052001] BazaarNama gdrive backup start
2026/07/12 05:21:54 NOTICE: app/ml_models/scalers/NAS100/xgboost_scaler.joblib: Duplicate object found in destination - ignoring
2026/07/12 05:21:54 NOTICE: app/ml_models/scalers/NZDUSD/lgbm_scaler.joblib: Duplicate object found in destination - ignoring
[2026-07-12_052001] BazaarNama gdrive backup done
[2026-07-12_062001] BazaarNama gdrive backup start
2026/07/12 06:22:57 NOTICE: app/ml_models/scalers/NAS100/xgboost_scaler.joblib: Duplicate object found in destination - ignoring
2026/07/12 06:22:57 NOTICE: app/ml_models/scalers/NZDUSD/lgbm_scaler.joblib: Duplicate object found in destination - ignoring
[2026-07-12_062001] BazaarNama gdrive backup done
[2026-07-12_072001] BazaarNama gdrive backup start
2026/07/12 07:25:37 NOTICE: app/ml_models/scalers/NAS100/xgboost_scaler.joblib: Duplicate object found in destination - ignoring
2026/07/12 07:25:40 ERROR : Attempt 2/3 succeeded
[2026-07-12_072001] BazaarNama gdrive backup done
[2026-07-12_082001] BazaarNama gdrive backup start
2026/07/12 08:22:39 NOTICE: app/ml_models/scalers/NAS100/lstm_scaler.joblib: Duplicate object found in destination - ignoring
2026/07/12 08:22:39 NOTICE: app/ml_models/scalers/NAS100/xgboost_scaler.joblib: Duplicate object found in destination - ignoring
[2026-07-12_082001] BazaarNama gdrive backup done
[2026-07-12_092001] BazaarNama gdrive backup start
2026/07/12 09:23:36 NOTICE: app/ml_models/scalers/NAS100/lstm_scaler.joblib: Duplicate object found in destination - ignoring
2026/07/12 09:23:36 NOTICE: app/ml_models/scalers/NAS100/xgboost_scaler.joblib: Duplicate object found in destination - ignoring
[2026-07-12_092001] BazaarNama gdrive backup done
[2026-07-12_102001] BazaarNama gdrive backup start
2026/07/12 10:21:53 NOTICE: app/ml_models/scalers/NAS100/xgboost_scaler.joblib: Duplicate object found in destination - ignoring
2026/07/12 10:21:53 NOTICE: app/ml_models/scalers/NZDUSD/lgbm_scaler.joblib: Duplicate object found in destination - ignoring
[2026-07-12_102001] BazaarNama gdrive backup done
[2026-07-12_112001] BazaarNama gdrive backup start
2026/07/12 11:21:55 NOTICE: app/ml_models/scalers/NAS100/xgboost_scaler.joblib: Duplicate object found in destination - ignoring
2026/07/12 11:21:55 NOTICE: app/ml_models/scalers/NZDUSD/lgbm_scaler.joblib: Duplicate object found in destination - ignoring
[2026-07-12_112001] BazaarNama gdrive backup done
[2026-07-12_122001] BazaarNama gdrive backup start
2026/07/12 12:21:57 NOTICE: app/ml_models/scalers/NAS100/xgboost_scaler.joblib: Duplicate object found in destination - ignoring
2026/07/12 12:21:57 NOTICE: app/ml_models/scalers/NZDUSD/lgbm_scaler.joblib: Duplicate object found in destination - ignoring
[2026-07-12_122001] BazaarNama gdrive backup done
[2026-07-12_132001] BazaarNama gdrive backup start
2026/07/12 13:22:53 NOTICE: app/ml_models/scalers/NAS100/lstm_scaler.joblib: Duplicate object found in destination - ignoring
2026/07/12 13:22:53 NOTICE: app/ml_models/scalers/NAS100/xgboost_scaler.joblib: Duplicate object found in destination - ignoring
[2026-07-12_132001] BazaarNama gdrive backup done
[2026-07-12_142001] BazaarNama gdrive backup start
2026/07/12 14:22:25 NOTICE: app/ml_models/scalers/NAS100/lstm_scaler.joblib: Duplicate object found in destination - ignoring
2026/07/12 14:22:25 NOTICE: app/ml_models/scalers/NAS100/xgboost_scaler.joblib: Duplicate object found in destination - ignoring
[2026-07-12_142001] BazaarNama gdrive backup done
[2026-07-12_152001] BazaarNama gdrive backup start
2026/07/12 15:23:00 NOTICE: app/ml_models/scalers/NAS100/lstm_scaler.joblib: Duplicate object found in destination - ignoring
2026/07/12 15:23:00 NOTICE: app/ml_models/scalers/NAS100/xgboost_scaler.joblib: Duplicate object found in destination - ignoring
[2026-07-12_152001] BazaarNama gdrive backup done
[2026-07-12_162001] BazaarNama gdrive backup start
2026/07/12 16:24:52 NOTICE: app/ml_models/scalers/NAS100/lstm_scaler.joblib: Duplicate object found in destination - ignoring
2026/07/12 16:24:52 NOTICE: app/ml_models/scalers/NAS100/xgboost_scaler.joblib: Duplicate object found in destination - ignoring
[2026-07-12_162001] BazaarNama gdrive backup done
[2026-07-12_172001] BazaarNama gdrive backup start
2026/07/12 17:21:59 NOTICE: app/ml_models/scalers/NAS100/lstm_scaler.joblib: Duplicate object found in destination - ignoring
2026/07/12 17:21:59 NOTICE: app/ml_models/scalers/NAS100/xgboost_scaler.joblib: Duplicate object found in destination - ignoring
[2026-07-12_172001] BazaarNama gdrive backup done
[2026-07-12_182001] BazaarNama gdrive backup start
2026/07/12 18:21:45 NOTICE: app/ml_models/scalers/NZDUSD/lgbm_scaler.joblib: Duplicate object found in destination - ignoring
2026/07/12 18:21:45 NOTICE: app/ml_models/scalers/NAS100/xgboost_scaler.joblib: Duplicate object found in destination - ignoring
[2026-07-12_182001] BazaarNama gdrive backup done
[2026-07-12_192001] BazaarNama gdrive backup start
2026/07/12 19:23:30 NOTICE: app/ml_models/scalers/NAS100/xgboost_scaler.joblib: Duplicate object found in destination - ignoring
2026/07/12 19:23:30 NOTICE: app/ml_models/scalers/NZDUSD/lgbm_scaler.joblib: Duplicate object found in destination - ignoring
[2026-07-12_192001] BazaarNama gdrive backup done
[2026-07-12_202001] BazaarNama gdrive backup start
2026/07/12 20:21:53 NOTICE: app/ml_models/scalers/NAS100/lstm_scaler.joblib: Duplicate object found in destination - ignoring
2026/07/12 20:21:53 NOTICE: app/ml_models/scalers/NAS100/xgboost_scaler.joblib: Duplicate object found in destination - ignoring
[2026-07-12_202001] BazaarNama gdrive backup done
[2026-07-12_212001] BazaarNama gdrive backup start
2026/07/12 21:22:41 NOTICE: app/ml_models/scalers/NAS100/xgboost_scaler.joblib: Duplicate object found in destination - ignoring
2026/07/12 21:22:41 NOTICE: app/ml_models/scalers/NZDUSD/lgbm_scaler.joblib: Duplicate object found in destination - ignoring
[2026-07-12_212001] BazaarNama gdrive backup done
[2026-07-12_222001] BazaarNama gdrive backup start
2026/07/12 22:21:49 NOTICE: app/ml_models/scalers/NAS100/lstm_scaler.joblib: Duplicate object found in destination - ignoring
2026/07/12 22:21:49 NOTICE: app/ml_models/scalers/NAS100/xgboost_scaler.joblib: Duplicate object found in destination - ignoring
[2026-07-12_222001] BazaarNama gdrive backup done
[2026-07-12_232001] BazaarNama gdrive backup start
2026/07/12 23:22:36 NOTICE: app/ml_models/scalers/NAS100/xgboost_scaler.joblib: Duplicate object found in destination - ignoring
2026/07/12 23:22:36 NOTICE: app/ml_models/scalers/NZDUSD/lgbm_scaler.joblib: Duplicate object found in destination - ignoring
[2026-07-12_232001] BazaarNama gdrive backup done
[2026-07-13_002001] BazaarNama gdrive backup start
2026/07/13 00:21:58 NOTICE: app/ml_models/scalers/NAS100/lstm_scaler.joblib: Duplicate object found in destination - ignoring
2026/07/13 00:21:58 NOTICE: app/ml_models/scalers/NAS100/xgboost_scaler.joblib: Duplicate object found in destination - ignoring
[2026-07-13_002001] BazaarNama gdrive backup done
[2026-07-13_012001] BazaarNama gdrive backup start
2026/07/13 01:21:58 NOTICE: app/ml_models/scalers/NAS100/xgboost_scaler.joblib: Duplicate object found in destination - ignoring
2026/07/13 01:21:58 NOTICE: app/ml_models/scalers/NZDUSD/lgbm_scaler.joblib: Duplicate object found in destination - ignoring
[2026-07-13_012001] BazaarNama gdrive backup done
[2026-07-13_022001] BazaarNama gdrive backup start
2026/07/13 02:23:37 NOTICE: app/ml_models/scalers/NZDUSD/lgbm_scaler.joblib: Duplicate object found in destination - ignoring
2026/07/13 02:23:37 NOTICE: app/ml_models/scalers/NAS100/xgboost_scaler.joblib: Duplicate object found in destination - ignoring
[2026-07-13_022001] BazaarNama gdrive backup done
[2026-07-13_032001] BazaarNama gdrive backup start
2026/07/13 03:21:52 NOTICE: app/ml_models/scalers/NAS100/xgboost_scaler.joblib: Duplicate object found in destination - ignoring
2026/07/13 03:21:52 NOTICE: app/ml_models/scalers/NZDUSD/lgbm_scaler.joblib: Duplicate object found in destination - ignoring
[2026-07-13_032001] BazaarNama gdrive backup done
[2026-07-13_042001] BazaarNama gdrive backup start
2026/07/13 04:22:41 NOTICE: app/ml_models/scalers/NAS100/lstm_scaler.joblib: Duplicate object found in destination - ignoring
2026/07/13 04:22:41 NOTICE: app/ml_models/scalers/NAS100/xgboost_scaler.joblib: Duplicate object found in destination - ignoring
[2026-07-13_042001] BazaarNama gdrive backup done
[2026-07-13_052002] BazaarNama gdrive backup start
2026/07/13 05:24:57 NOTICE: app/ml_models/scalers/NAS100/xgboost_scaler.joblib: Duplicate object found in destination - ignoring
2026/07/13 05:24:57 NOTICE: app/ml_models/scalers/NZDUSD/lgbm_scaler.joblib: Duplicate object found in destination - ignoring
[2026-07-13_052002] BazaarNama gdrive backup done
[2026-07-13_062001] BazaarNama gdrive backup start
2026/07/13 06:22:59 NOTICE: app/ml_models/scalers/NAS100/xgboost_scaler.joblib: Duplicate object found in destination - ignoring
2026/07/13 06:22:59 NOTICE: app/ml_models/scalers/NZDUSD/lgbm_scaler.joblib: Duplicate object found in destination - ignoring
[2026-07-13_062001] BazaarNama gdrive backup done
[2026-07-13_072001] BazaarNama gdrive backup start
2026/07/13 07:23:27 NOTICE: app/ml_models/scalers/NAS100/xgboost_scaler.joblib: Duplicate object found in destination - ignoring
2026/07/13 07:23:27 NOTICE: app/ml_models/scalers/NZDUSD/lgbm_scaler.joblib: Duplicate object found in destination - ignoring
[2026-07-13_072001] BazaarNama gdrive backup done
[2026-07-13_082001] BazaarNama gdrive backup start
2026/07/13 08:22:59 NOTICE: app/ml_models/scalers/NAS100/xgboost_scaler.joblib: Duplicate object found in destination - ignoring
2026/07/13 08:22:59 NOTICE: app/ml_models/scalers/NZDUSD/lgbm_scaler.joblib: Duplicate object found in destination - ignoring
[2026-07-13_082001] BazaarNama gdrive backup done
[2026-07-13_092001] BazaarNama gdrive backup start
2026/07/13 09:22:33 NOTICE: app/ml_models/scalers/NAS100/lstm_scaler.joblib: Duplicate object found in destination - ignoring
2026/07/13 09:22:33 NOTICE: app/ml_models/scalers/NAS100/xgboost_scaler.joblib: Duplicate object found in destination - ignoring
[2026-07-13_092001] BazaarNama gdrive backup done
[2026-07-13_102001] BazaarNama gdrive backup start
2026/07/13 10:21:47 NOTICE: app/ml_models/scalers/NAS100/lstm_scaler.joblib: Duplicate object found in destination - ignoring
2026/07/13 10:21:47 NOTICE: app/ml_models/scalers/NAS100/xgboost_scaler.joblib: Duplicate object found in destination - ignoring
[2026-07-13_102001] BazaarNama gdrive backup done
[2026-07-13_112001] BazaarNama gdrive backup start
2026/07/13 11:21:41 NOTICE: app/ml_models/scalers/NAS100/lstm_scaler.joblib: Duplicate object found in destination - ignoring
2026/07/13 11:21:41 NOTICE: app/ml_models/scalers/NAS100/xgboost_scaler.joblib: Duplicate object found in destination - ignoring
[2026-07-13_112001] BazaarNama gdrive backup done
[2026-07-13_122001] BazaarNama gdrive backup start
2026/07/13 12:22:39 NOTICE: app/ml_models/scalers/NAS100/lstm_scaler.joblib: Duplicate object found in destination - ignoring
2026/07/13 12:22:39 NOTICE: app/ml_models/scalers/NAS100/xgboost_scaler.joblib: Duplicate object found in destination - ignoring
[2026-07-13_122001] BazaarNama gdrive backup done
[2026-07-13_132001] BazaarNama gdrive backup start
2026/07/13 13:21:54 NOTICE: app/ml_models/scalers/NAS100/lstm_scaler.joblib: Duplicate object found in destination - ignoring
2026/07/13 13:21:54 NOTICE: app/ml_models/scalers/NAS100/xgboost_scaler.joblib: Duplicate object found in destination - ignoring
[2026-07-13_132001] BazaarNama gdrive backup done
[2026-07-13_142001] BazaarNama gdrive backup start
2026/07/13 14:22:01 NOTICE: app/ml_models/scalers/DE40/lstm_scaler.joblib: Duplicate object found in destination - ignoring
2026/07/13 14:22:01 NOTICE: app/ml_models/scalers/DE40/xgboost_scaler.joblib: Duplicate object found in destination - ignoring
[2026-07-13_142001] BazaarNama gdrive backup done
[2026-07-13_152001] BazaarNama gdrive backup start
2026/07/13 15:22:39 NOTICE: app/ml_models/scalers/NAS100/xgboost_scaler.joblib: Duplicate object found in destination - ignoring
2026/07/13 15:22:39 NOTICE: app/ml_models/scalers/NZDUSD/lgbm_scaler.joblib: Duplicate object found in destination - ignoring
[2026-07-13_152001] BazaarNama gdrive backup done
[2026-07-13_162001] BazaarNama gdrive backup start
2026/07/13 16:21:59 NOTICE: app/ml_models/scalers/NAS100/lstm_scaler.joblib: Duplicate object found in destination - ignoring
2026/07/13 16:21:59 NOTICE: app/ml_models/scalers/NAS100/xgboost_scaler.joblib: Duplicate object found in destination - ignoring
[2026-07-13_162001] BazaarNama gdrive backup done
[2026-07-13_172001] BazaarNama gdrive backup start
2026/07/13 17:22:27 NOTICE: app/ml_models/scalers/NAS100/lstm_scaler.joblib: Duplicate object found in destination - ignoring
2026/07/13 17:22:27 NOTICE: app/ml_models/scalers/NAS100/xgboost_scaler.joblib: Duplicate object found in destination - ignoring
[2026-07-13_172001] BazaarNama gdrive backup done
[2026-07-13_182001] BazaarNama gdrive backup start
2026/07/13 18:22:29 NOTICE: app/ml_models/scalers/NZDUSD/lgbm_scaler.joblib: Duplicate object found in destination - ignoring
2026/07/13 18:22:29 NOTICE: app/ml_models/scalers/NAS100/xgboost_scaler.joblib: Duplicate object found in destination - ignoring
[2026-07-13_182001] BazaarNama gdrive backup done
[2026-07-13_192001] BazaarNama gdrive backup start
2026/07/13 19:22:36 NOTICE: app/ml_models/scalers/DE40/lstm_scaler.joblib: Duplicate object found in destination - ignoring
2026/07/13 19:22:36 NOTICE: app/ml_models/scalers/DE40/xgboost_scaler.joblib: Duplicate object found in destination - ignoring
[2026-07-13_192001] BazaarNama gdrive backup done
[2026-07-13_202001] BazaarNama gdrive backup start
2026/07/13 20:23:37 NOTICE: app/ml_models/scalers/NAS100/xgboost_scaler.joblib: Duplicate object found in destination - ignoring
2026/07/13 20:23:37 NOTICE: app/ml_models/scalers/DE40/xgboost_scaler.joblib: Duplicate object found in destination - ignoring
[2026-07-13_202001] BazaarNama gdrive backup done
[2026-07-13_212001] BazaarNama gdrive backup start
2026/07/13 21:23:39 NOTICE: app/ml_models/scalers/DE40/lstm_scaler.joblib: Duplicate object found in destination - ignoring
2026/07/13 21:23:39 NOTICE: app/ml_models/scalers/DE40/xgboost_scaler.joblib: Duplicate object found in destination - ignoring
[2026-07-13_212001] BazaarNama gdrive backup done
[2026-07-13_222002] BazaarNama gdrive backup start
2026/07/13 22:21:57 NOTICE: app/ml_models/scalers/DE40/lstm_scaler.joblib: Duplicate object found in destination - ignoring
2026/07/13 22:21:57 NOTICE: app/ml_models/scalers/DE40/xgboost_scaler.joblib: Duplicate object found in destination - ignoring
[2026-07-13_222002] BazaarNama gdrive backup done
[2026-07-13_232001] BazaarNama gdrive backup start
2026/07/13 23:23:00 NOTICE: app/ml_models/scalers/NAS100/xgboost_scaler.joblib: Duplicate object found in destination - ignoring
2026/07/13 23:23:00 NOTICE: app/ml_models/scalers/NZDUSD/lgbm_scaler.joblib: Duplicate object found in destination - ignoring
[2026-07-13_232001] BazaarNama gdrive backup done
[2026-07-14_002001] BazaarNama gdrive backup start
2026/07/14 00:24:36 NOTICE: app/ml_models/scalers/NAS100/lstm_scaler.joblib: Duplicate object found in destination - ignoring
2026/07/14 00:24:36 NOTICE: app/ml_models/scalers/NAS100/xgboost_scaler.joblib: Duplicate object found in destination - ignoring
[2026-07-14_002001] BazaarNama gdrive backup done
[2026-07-14_012001] BazaarNama gdrive backup start
2026/07/14 01:22:27 NOTICE: app/ml_models/scalers/NAS100/lstm_scaler.joblib: Duplicate object found in destination - ignoring
2026/07/14 01:22:27 NOTICE: app/ml_models/scalers/NAS100/xgboost_scaler.joblib: Duplicate object found in destination - ignoring
[2026-07-14_012001] BazaarNama gdrive backup done
[2026-07-14_022001] BazaarNama gdrive backup start
2026/07/14 02:23:37 NOTICE: app/ml_models/scalers/NAS100/lstm_scaler.joblib: Duplicate object found in destination - ignoring
2026/07/14 02:23:37 NOTICE: app/ml_models/scalers/NAS100/xgboost_scaler.joblib: Duplicate object found in destination - ignoring
[2026-07-14_022001] BazaarNama gdrive backup done
[2026-07-14_032001] BazaarNama gdrive backup start
2026/07/14 03:23:03 NOTICE: app/ml_models/scalers/NAS100/lstm_scaler.joblib: Duplicate object found in destination - ignoring
2026/07/14 03:23:03 NOTICE: app/ml_models/scalers/NAS100/xgboost_scaler.joblib: Duplicate object found in destination - ignoring
[2026-07-14_032001] BazaarNama gdrive backup done
[2026-07-14_042001] BazaarNama gdrive backup start
2026/07/14 04:23:26 NOTICE: app/ml_models/scalers/DE40/xgboost_scaler.joblib: Duplicate object found in destination - ignoring
2026/07/14 04:23:26 NOTICE: app/ml_models/scalers/NZDUSD/lgbm_scaler.joblib: Duplicate object found in destination - ignoring
[2026-07-14_042001] BazaarNama gdrive backup done
[2026-07-14_052001] BazaarNama gdrive backup start
2026/07/14 05:23:31 NOTICE: app/ml_models/scalers/NAS100/lstm_scaler.joblib: Duplicate object found in destination - ignoring
2026/07/14 05:23:31 NOTICE: app/ml_models/scalers/NAS100/xgboost_scaler.joblib: Duplicate object found in destination - ignoring
[2026-07-14_052001] BazaarNama gdrive backup done
[2026-07-14_062001] BazaarNama gdrive backup start
2026/07/14 06:22:27 NOTICE: app/ml_models/scalers/NAS100/lstm_scaler.joblib: Duplicate object found in destination - ignoring
2026/07/14 06:22:27 NOTICE: app/ml_models/scalers/NAS100/xgboost_scaler.joblib: Duplicate object found in destination - ignoring
[2026-07-14_062001] BazaarNama gdrive backup done
[2026-07-14_072001] BazaarNama gdrive backup start
2026/07/14 07:22:58 NOTICE: app/ml_models/scalers/NAS100/lstm_scaler.joblib: Duplicate object found in destination - ignoring
2026/07/14 07:22:58 NOTICE: app/ml_models/scalers/NAS100/xgboost_scaler.joblib: Duplicate object found in destination - ignoring
[2026-07-14_072001] BazaarNama gdrive backup done
[2026-07-14_082001] BazaarNama gdrive backup start
2026/07/14 08:23:01 NOTICE: app/ml_models/scalers/NAS100/lstm_scaler.joblib: Duplicate object found in destination - ignoring
2026/07/14 08:23:01 NOTICE: app/ml_models/scalers/NAS100/xgboost_scaler.joblib: Duplicate object found in destination - ignoring
[2026-07-14_082001] BazaarNama gdrive backup done
[2026-07-14_092001] BazaarNama gdrive backup start
2026/07/14 09:22:48 NOTICE: app/ml_models/scalers/NAS100/xgboost_scaler.joblib: Duplicate object found in destination - ignoring
2026/07/14 09:22:48 NOTICE: app/ml_models/scalers/NZDUSD/lgbm_scaler.joblib: Duplicate object found in destination - ignoring
[2026-07-14_092001] BazaarNama gdrive backup done
[2026-07-14_102001] BazaarNama gdrive backup start
2026/07/14 10:22:57 NOTICE: app/ml_models/scalers/NZDUSD/lgbm_scaler.joblib: Duplicate object found in destination - ignoring
2026/07/14 10:22:57 NOTICE: app/ml_models/scalers/NAS100/xgboost_scaler.joblib: Duplicate object found in destination - ignoring
[2026-07-14_102001] BazaarNama gdrive backup done
[2026-07-14_112001] BazaarNama gdrive backup start
2026/07/14 11:23:30 NOTICE: app/ml_models/scalers/NAS100/lstm_scaler.joblib: Duplicate object found in destination - ignoring
2026/07/14 11:23:30 NOTICE: app/ml_models/scalers/NAS100/xgboost_scaler.joblib: Duplicate object found in destination - ignoring
[2026-07-14_112001] BazaarNama gdrive backup done
[2026-07-14_122001] BazaarNama gdrive backup start
2026/07/14 12:25:38 NOTICE: app/ml_models/scalers/NAS100/xgboost_scaler.joblib: Duplicate object found in destination - ignoring
2026/07/14 12:25:38 NOTICE: app/ml_models/scalers/NZDUSD/lgbm_scaler.joblib: Duplicate object found in destination - ignoring
[2026-07-14_122001] BazaarNama gdrive backup done
[2026-07-14_132001] BazaarNama gdrive backup start
2026/07/14 13:22:43 NOTICE: app/ml_models/scalers/DE40/lstm_scaler.joblib: Duplicate object found in destination - ignoring
2026/07/14 13:22:43 NOTICE: app/ml_models/scalers/DE40/xgboost_scaler.joblib: Duplicate object found in destination - ignoring
[2026-07-14_132001] BazaarNama gdrive backup done
[2026-07-14_142001] BazaarNama gdrive backup start
2026/07/14 14:22:55 NOTICE: app/ml_models/scalers/NAS100/xgboost_scaler.joblib: Duplicate object found in destination - ignoring
2026/07/14 14:22:55 NOTICE: app/ml_models/scalers/NZDUSD/lgbm_scaler.joblib: Duplicate object found in destination - ignoring
[2026-07-14_142001] BazaarNama gdrive backup done
[2026-07-14_152001] BazaarNama gdrive backup start
2026/07/14 15:26:12 NOTICE: app/ml_models/scalers/NZDUSD/lgbm_scaler.joblib: Duplicate object found in destination - ignoring
2026/07/14 15:26:33 ERROR : Attempt 2/3 succeeded
[2026-07-14_152001] BazaarNama gdrive backup done
[2026-07-14_162001] BazaarNama gdrive backup start
2026/07/14 16:23:28 NOTICE: app/ml_models/scalers/NAS100/lstm_scaler.joblib: Duplicate object found in destination - ignoring
2026/07/14 16:23:28 NOTICE: app/ml_models/scalers/NAS100/xgboost_scaler.joblib: Duplicate object found in destination - ignoring
[2026-07-14_162001] BazaarNama gdrive backup done
[2026-07-14_172001] BazaarNama gdrive backup start
2026/07/14 17:25:12 NOTICE: app/ml_models/scalers/NZDUSD/lgbm_scaler.joblib: Duplicate object found in destination - ignoring
2026/07/14 17:25:35 ERROR : Attempt 2/3 succeeded
[2026-07-14_172001] BazaarNama gdrive backup done
[2026-07-14_182001] BazaarNama gdrive backup start
2026/07/14 18:22:59 NOTICE: app/ml_models/scalers/NAS100/lstm_scaler.joblib: Duplicate object found in destination - ignoring
2026/07/14 18:22:59 NOTICE: app/ml_models/scalers/NAS100/xgboost_scaler.joblib: Duplicate object found in destination - ignoring
[2026-07-14_182001] BazaarNama gdrive backup done
[2026-07-14_192001] BazaarNama gdrive backup start
2026/07/14 19:22:13 NOTICE: app/ml_models/scalers/NAS100/xgboost_scaler.joblib: Duplicate object found in destination - ignoring
2026/07/14 19:22:13 NOTICE: app/ml_models/scalers/NZDUSD/lgbm_scaler.joblib: Duplicate object found in destination - ignoring
[2026-07-14_192001] BazaarNama gdrive backup done
[2026-07-14_202001] BazaarNama gdrive backup start
2026/07/14 20:23:02 NOTICE: app/ml_models/scalers/NAS100/lstm_scaler.joblib: Duplicate object found in destination - ignoring
2026/07/14 20:23:02 NOTICE: app/ml_models/scalers/NAS100/xgboost_scaler.joblib: Duplicate object found in destination - ignoring
[2026-07-14_202001] BazaarNama gdrive backup done
[2026-07-14_212001] BazaarNama gdrive backup start
2026/07/14 21:25:02 NOTICE: app/ml_models/scalers/NAS100/xgboost_scaler.joblib: Duplicate object found in destination - ignoring
2026/07/14 21:25:02 NOTICE: app/ml_models/scalers/NZDUSD/lgbm_scaler.joblib: Duplicate object found in destination - ignoring
[2026-07-14_212001] BazaarNama gdrive backup done
[2026-07-14_222001] BazaarNama gdrive backup start
2026/07/14 22:21:43 NOTICE: app/ml_models/scalers/NAS100/xgboost_scaler.joblib: Duplicate object found in destination - ignoring
2026/07/14 22:21:43 NOTICE: app/ml_models/scalers/NZDUSD/lgbm_scaler.joblib: Duplicate object found in destination - ignoring
[2026-07-14_222001] BazaarNama gdrive backup done
[2026-07-14_232001] BazaarNama gdrive backup start
]
, rateLimitExceeded
[2026-07-14_232001] BazaarNama gdrive backup done
[2026-07-15_002001] BazaarNama gdrive backup start
2026/07/15 00:53:56 NOTICE: app/ml_models/scalers/NZDUSD/lgbm_scaler.joblib: Duplicate object found in destination - ignoring
2026/07/15 00:55:45 ERROR : Attempt 3/3 succeeded
[2026-07-15_002001] BazaarNama gdrive backup done
[2026-07-15_012001] BazaarNama gdrive backup start
]
, rateLimitExceeded
[2026-07-15_012001] BazaarNama gdrive backup done
[2026-07-15_022001] BazaarNama gdrive backup start
2026/07/15 02:27:56 NOTICE: app/ml_models/scalers/NAS100/lstm_scaler.joblib: Duplicate object found in destination - ignoring
2026/07/15 02:27:56 NOTICE: app/ml_models/scalers/NAS100/xgboost_scaler.joblib: Duplicate object found in destination - ignoring
[2026-07-15_022001] BazaarNama gdrive backup done
[2026-07-15_032001] BazaarNama gdrive backup start
2026/07/15 03:22:54 NOTICE: app/ml_models/scalers/NAS100/xgboost_scaler.joblib: Duplicate object found in destination - ignoring
2026/07/15 03:22:54 NOTICE: app/ml_models/scalers/DE40/xgboost_scaler.joblib: Duplicate object found in destination - ignoring
[2026-07-15_032001] BazaarNama gdrive backup done
[2026-07-15_042001] BazaarNama gdrive backup start
[1000 27 100 1000 1001date +%F_%T)] backup already running — skip
[1000 27 100 1000 1001date +%F_%T)] backup already running — skip
2026/07/15 06:20:44 NOTICE: app/ml_models/scalers/DE40/xgboost_scaler.joblib: Duplicate object found in destination - ignoring
2026/07/15 06:24:55 ERROR : Attempt 2/3 succeeded
[2026-07-15_042001] BazaarNama gdrive backup done
[2026-07-15_072001] BazaarNama gdrive backup start
2026/07/15 07:29:57 NOTICE: app/ml_models/scalers/NZDUSD/lgbm_scaler.joblib: Duplicate object found in destination - ignoring
2026/07/15 07:34:51 ERROR : Attempt 2/3 succeeded
[2026-07-15_072001] BazaarNama gdrive backup done
[2026-07-15_082001] BazaarNama gdrive backup start
2026/07/15 08:22:53 NOTICE: app/ml_models/scalers/NAS100/xgboost_scaler.joblib: Duplicate object found in destination - ignoring
2026/07/15 08:22:53 NOTICE: app/ml_models/scalers/DE40/xgboost_scaler.joblib: Duplicate object found in destination - ignoring
[2026-07-15_082001] BazaarNama gdrive backup done
[2026-07-15_092001] BazaarNama gdrive backup start
2026/07/15 09:22:59 NOTICE: app/ml_models/scalers/NAS100/xgboost_scaler.joblib: Duplicate object found in destination - ignoring
2026/07/15 09:22:59 NOTICE: app/ml_models/scalers/NZDUSD/lgbm_scaler.joblib: Duplicate object found in destination - ignoring
[2026-07-15_092001] BazaarNama gdrive backup done
[2026-07-15_102001] BazaarNama gdrive backup start
2026/07/15 10:23:49 NOTICE: app/ml_models/scalers/DE40/lstm_scaler.joblib: Duplicate object found in destination - ignoring
2026/07/15 10:23:49 NOTICE: app/ml_models/scalers/DE40/xgboost_scaler.joblib: Duplicate object found in destination - ignoring
[2026-07-15_102001] BazaarNama gdrive backup done
[2026-07-15_112001] BazaarNama gdrive backup start
2026/07/15 11:22:57 NOTICE: app/ml_models/scalers/NAS100/lstm_scaler.joblib: Duplicate object found in destination - ignoring
2026/07/15 11:22:57 NOTICE: app/ml_models/scalers/NAS100/xgboost_scaler.joblib: Duplicate object found in destination - ignoring
[2026-07-15_112001] BazaarNama gdrive backup done
[2026-07-15_122001] BazaarNama gdrive backup start
2026/07/15 12:21:53 NOTICE: app/ml_models/scalers/NZDUSD/lgbm_scaler.joblib: Duplicate object found in destination - ignoring
2026/07/15 12:21:53 NOTICE: app/ml_models/scalers/DE40/xgboost_scaler.joblib: Duplicate object found in destination - ignoring
[2026-07-15_122001] BazaarNama gdrive backup done
[2026-07-15_132001] BazaarNama gdrive backup start
2026/07/15 13:24:26 NOTICE: app/ml_models/scalers/NAS100/lstm_scaler.joblib: Duplicate object found in destination - ignoring
2026/07/15 13:24:26 NOTICE: app/ml_models/scalers/NAS100/xgboost_scaler.joblib: Duplicate object found in destination - ignoring
[2026-07-15_132001] BazaarNama gdrive backup done
[2026-07-15_142001] BazaarNama gdrive backup start
2026/07/15 14:23:10 NOTICE: app/ml_models/scalers/NAS100/xgboost_scaler.joblib: Duplicate object found in destination - ignoring
2026/07/15 14:23:10 NOTICE: app/ml_models/scalers/NZDUSD/lgbm_scaler.joblib: Duplicate object found in destination - ignoring
[2026-07-15_142001] BazaarNama gdrive backup done
[2026-07-15_152001] BazaarNama gdrive backup start
2026/07/15 15:23:02 NOTICE: app/ml_models/scalers/NAS100/lstm_scaler.joblib: Duplicate object found in destination - ignoring
2026/07/15 15:23:02 NOTICE: app/ml_models/scalers/NAS100/xgboost_scaler.joblib: Duplicate object found in destination - ignoring
[2026-07-15_152001] BazaarNama gdrive backup done
[2026-07-15_162001] BazaarNama gdrive backup start
2026/07/15 16:22:59 NOTICE: app/ml_models/scalers/NAS100/lstm_scaler.joblib: Duplicate object found in destination - ignoring
2026/07/15 16:22:59 NOTICE: app/ml_models/scalers/NAS100/xgboost_scaler.joblib: Duplicate object found in destination - ignoring
[2026-07-15_162001] BazaarNama gdrive backup done
[2026-07-15_172001] BazaarNama gdrive backup start
2026/07/15 17:25:00 NOTICE: app/ml_models/scalers/NAS100/xgboost_scaler.joblib: Duplicate object found in destination - ignoring
2026/07/15 17:25:00 NOTICE: app/ml_models/scalers/NZDUSD/lgbm_scaler.joblib: Duplicate object found in destination - ignoring
[2026-07-15_172001] BazaarNama gdrive backup done
[2026-07-15_182001] BazaarNama gdrive backup start
2026/07/15 18:21:55 NOTICE: app/ml_models/scalers/NAS100/xgboost_scaler.joblib: Duplicate object found in destination - ignoring
2026/07/15 18:21:55 NOTICE: app/ml_models/scalers/NZDUSD/lgbm_scaler.joblib: Duplicate object found in destination - ignoring
[2026-07-15_182001] BazaarNama gdrive backup done
[2026-07-15_192001] BazaarNama gdrive backup start
2026/07/15 19:22:48 NOTICE: app/ml_models/scalers/NAS100/xgboost_scaler.joblib: Duplicate object found in destination - ignoring
2026/07/15 19:22:48 NOTICE: app/ml_models/scalers/NZDUSD/lgbm_scaler.joblib: Duplicate object found in destination - ignoring
[2026-07-15_192001] BazaarNama gdrive backup done
[2026-07-15_202001] BazaarNama gdrive backup start
2026/07/15 20:22:05 NOTICE: app/ml_models/scalers/NAS100/lstm_scaler.joblib: Duplicate object found in destination - ignoring
2026/07/15 20:22:05 NOTICE: app/ml_models/scalers/NAS100/xgboost_scaler.joblib: Duplicate object found in destination - ignoring
[2026-07-15_202001] BazaarNama gdrive backup done
[2026-07-15_212001] BazaarNama gdrive backup start
2026/07/15 21:23:03 NOTICE: app/ml_models/scalers/NAS100/xgboost_scaler.joblib: Duplicate object found in destination - ignoring
2026/07/15 21:23:03 NOTICE: app/ml_models/scalers/NZDUSD/lgbm_scaler.joblib: Duplicate object found in destination - ignoring
[2026-07-15_212001] BazaarNama gdrive backup done
[2026-07-15_222001] BazaarNama gdrive backup start
2026/07/15 22:22:42 NOTICE: app/ml_models/scalers/NAS100/xgboost_scaler.joblib: Duplicate object found in destination - ignoring
2026/07/15 22:22:42 NOTICE: app/ml_models/scalers/NZDUSD/lgbm_scaler.joblib: Duplicate object found in destination - ignoring
[2026-07-15_222001] BazaarNama gdrive backup done
[2026-07-15_232001] BazaarNama gdrive backup start
2026/07/15 23:22:58 NOTICE: app/ml_models/scalers/NAS100/xgboost_scaler.joblib: Duplicate object found in destination - ignoring
2026/07/15 23:22:58 NOTICE: app/ml_models/scalers/NZDUSD/lgbm_scaler.joblib: Duplicate object found in destination - ignoring
[2026-07-15_232001] BazaarNama gdrive backup done
[2026-07-16_002001] BazaarNama gdrive backup start
2026/07/16 00:26:41 NOTICE: app/ml_models/scalers/NAS100/lstm_scaler.joblib: Duplicate object found in destination - ignoring
2026/07/16 00:26:41 NOTICE: app/ml_models/scalers/NAS100/xgboost_scaler.joblib: Duplicate object found in destination - ignoring
[2026-07-16_002001] BazaarNama gdrive backup done
[2026-07-16_012001] BazaarNama gdrive backup start
2026/07/16 01:23:35 NOTICE: app/ml_models/scalers/NAS100/lstm_scaler.joblib: Duplicate object found in destination - ignoring
2026/07/16 01:23:35 NOTICE: app/ml_models/scalers/NAS100/xgboost_scaler.joblib: Duplicate object found in destination - ignoring
[2026-07-16_012001] BazaarNama gdrive backup done
[2026-07-16_022001] BazaarNama gdrive backup start
2026/07/16 02:22:57 NOTICE: app/ml_models/scalers/NAS100/lstm_scaler.joblib: Duplicate object found in destination - ignoring
2026/07/16 02:22:57 NOTICE: app/ml_models/scalers/NAS100/xgboost_scaler.joblib: Duplicate object found in destination - ignoring
[2026-07-16_022001] BazaarNama gdrive backup done
[2026-07-16_032001] BazaarNama gdrive backup start
2026/07/16 03:22:56 NOTICE: app/ml_models/scalers/NAS100/lstm_scaler.joblib: Duplicate object found in destination - ignoring
2026/07/16 03:22:56 NOTICE: app/ml_models/scalers/NAS100/xgboost_scaler.joblib: Duplicate object found in destination - ignoring
[2026-07-16_032001] BazaarNama gdrive backup done
[2026-07-16_042001] BazaarNama gdrive backup start
2026/07/16 04:22:51 NOTICE: app/ml_models/scalers/NZDUSD/lgbm_scaler.joblib: Duplicate object found in destination - ignoring
2026/07/16 04:22:51 NOTICE: app/ml_models/scalers/NAS100/xgboost_scaler.joblib: Duplicate object found in destination - ignoring
[2026-07-16_042001] BazaarNama gdrive backup done
[2026-07-16_052002] BazaarNama gdrive backup start
2026/07/16 05:22:58 NOTICE: app/ml_models/scalers/NAS100/xgboost_scaler.joblib: Duplicate object found in destination - ignoring
2026/07/16 05:22:58 NOTICE: app/ml_models/scalers/NZDUSD/lgbm_scaler.joblib: Duplicate object found in destination - ignoring
[2026-07-16_052002] BazaarNama gdrive backup done
[2026-07-16_062001] BazaarNama gdrive backup start
2026/07/16 06:22:23 NOTICE: app/ml_models/scalers/NAS100/xgboost_scaler.joblib: Duplicate object found in destination - ignoring
2026/07/16 06:22:23 NOTICE: app/ml_models/scalers/NZDUSD/lgbm_scaler.joblib: Duplicate object found in destination - ignoring
[2026-07-16_062001] BazaarNama gdrive backup done
[2026-07-16_072001] BazaarNama gdrive backup start
2026/07/16 07:23:34 NOTICE: app/ml_models/scalers/NAS100/lstm_scaler.joblib: Duplicate object found in destination - ignoring
2026/07/16 07:23:34 NOTICE: app/ml_models/scalers/NAS100/xgboost_scaler.joblib: Duplicate object found in destination - ignoring
[2026-07-16_072001] BazaarNama gdrive backup done
[2026-07-16_082001] BazaarNama gdrive backup start
2026/07/16 08:36:40 NOTICE: app/ml_models/scalers/NAS100/xgboost_scaler.joblib: Duplicate object found in destination - ignoring
2026/07/16 08:37:58 ERROR : Attempt 2/3 succeeded
[2026-07-16_082001] BazaarNama gdrive backup done
[2026-07-16_092001] BazaarNama gdrive backup start
2026/07/16 09:26:48 NOTICE: app/ml_models/scalers/NZDUSD/lgbm_scaler.joblib: Duplicate object found in destination - ignoring
2026/07/16 09:26:48 NOTICE: app/ml_models/scalers/NAS100/xgboost_scaler.joblib: Duplicate object found in destination - ignoring
[2026-07-16_092001] BazaarNama gdrive backup done
[2026-07-16_102001] BazaarNama gdrive backup start
2026/07/16 10:31:56 NOTICE: app/ml_models/scalers/NAS100/xgboost_scaler.joblib: Duplicate object found in destination - ignoring
2026/07/16 10:37:01 ERROR : Attempt 3/3 succeeded
[2026-07-16_102001] BazaarNama gdrive backup done
[2026-07-16_112001] BazaarNama gdrive backup start
2026/07/16 11:23:56 NOTICE: app/ml_models/scalers/NAS100/xgboost_scaler.joblib: Duplicate object found in destination - ignoring
2026/07/16 11:23:56 NOTICE: app/ml_models/scalers/NZDUSD/lgbm_scaler.joblib: Duplicate object found in destination - ignoring
[2026-07-16_112001] BazaarNama gdrive backup done
[2026-07-16_122001] BazaarNama gdrive backup start
2026/07/16 12:23:41 NOTICE: app/ml_models/scalers/NAS100/xgboost_scaler.joblib: Duplicate object found in destination - ignoring
2026/07/16 12:23:41 NOTICE: app/ml_models/scalers/NZDUSD/lgbm_scaler.joblib: Duplicate object found in destination - ignoring
[2026-07-16_122001] BazaarNama gdrive backup done
[2026-07-16_132001] BazaarNama gdrive backup start
2026/07/16 13:23:29 NOTICE: app/ml_models/scalers/NAS100/xgboost_scaler.joblib: Duplicate object found in destination - ignoring
2026/07/16 13:23:29 NOTICE: app/ml_models/scalers/NZDUSD/lgbm_scaler.joblib: Duplicate object found in destination - ignoring
[2026-07-16_132001] BazaarNama gdrive backup done
[2026-07-16_142001] BazaarNama gdrive backup start
2026/07/16 14:27:56 NOTICE: app/ml_models/scalers/NZDUSD/lgbm_scaler.joblib: Duplicate object found in destination - ignoring
2026/07/16 14:28:02 ERROR : Attempt 2/3 succeeded
[2026-07-16_142001] BazaarNama gdrive backup done
[2026-07-16_152001] BazaarNama gdrive backup start
2026/07/16 15:22:58 NOTICE: app/ml_models/scalers/NAS100/lstm_scaler.joblib: Duplicate object found in destination - ignoring
2026/07/16 15:22:58 NOTICE: app/ml_models/scalers/NAS100/xgboost_scaler.joblib: Duplicate object found in destination - ignoring
[2026-07-16_152001] BazaarNama gdrive backup done
[2026-07-16_162001] BazaarNama gdrive backup start
2026/07/16 16:23:40 NOTICE: app/ml_models/scalers/NAS100/lstm_scaler.joblib: Duplicate object found in destination - ignoring
2026/07/16 16:23:40 NOTICE: app/ml_models/scalers/NAS100/xgboost_scaler.joblib: Duplicate object found in destination - ignoring
[2026-07-16_162001] BazaarNama gdrive backup done
[2026-07-16_172001] BazaarNama gdrive backup start
2026/07/16 17:22:52 NOTICE: app/ml_models/scalers/NAS100/xgboost_scaler.joblib: Duplicate object found in destination - ignoring
2026/07/16 17:22:52 NOTICE: app/ml_models/scalers/NZDUSD/lgbm_scaler.joblib: Duplicate object found in destination - ignoring
[2026-07-16_172001] BazaarNama gdrive backup done
[2026-07-16_182001] BazaarNama gdrive backup start
2026/07/16 18:22:59 NOTICE: app/ml_models/scalers/NZDUSD/lgbm_scaler.joblib: Duplicate object found in destination - ignoring
2026/07/16 18:22:59 NOTICE: app/ml_models/scalers/NAS100/xgboost_scaler.joblib: Duplicate object found in destination - ignoring
[2026-07-16_182001] BazaarNama gdrive backup done
[2026-07-16_192001] BazaarNama gdrive backup start
2026/07/16 19:23:01 NOTICE: app/ml_models/scalers/NAS100/xgboost_scaler.joblib: Duplicate object found in destination - ignoring
2026/07/16 19:23:01 NOTICE: app/ml_models/scalers/NZDUSD/lgbm_scaler.joblib: Duplicate object found in destination - ignoring
[2026-07-16_192001] BazaarNama gdrive backup done
[2026-07-16_202001] BazaarNama gdrive backup start
2026/07/16 20:24:58 NOTICE: app/ml_models/scalers/NAS100/xgboost_scaler.joblib: Duplicate object found in destination - ignoring
2026/07/16 20:24:58 NOTICE: app/ml_models/scalers/NZDUSD/lgbm_scaler.joblib: Duplicate object found in destination - ignoring
[2026-07-16_202001] BazaarNama gdrive backup done
[2026-07-16_212001] BazaarNama gdrive backup start
2026/07/16 21:22:57 NOTICE: app/ml_models/scalers/NAS100/xgboost_scaler.joblib: Duplicate object found in destination - ignoring
2026/07/16 21:22:57 NOTICE: app/ml_models/scalers/NZDUSD/lgbm_scaler.joblib: Duplicate object found in destination - ignoring
[2026-07-16_212001] BazaarNama gdrive backup done
[2026-07-16_222001] BazaarNama gdrive backup start
2026/07/16 22:22:55 NOTICE: app/ml_models/scalers/NAS100/xgboost_scaler.joblib: Duplicate object found in destination - ignoring
2026/07/16 22:22:55 NOTICE: app/ml_models/scalers/NZDUSD/lgbm_scaler.joblib: Duplicate object found in destination - ignoring
[2026-07-16_222001] BazaarNama gdrive backup done
[2026-07-16_232001] BazaarNama gdrive backup start
2026/07/16 23:23:00 NOTICE: app/ml_models/scalers/NAS100/xgboost_scaler.joblib: Duplicate object found in destination - ignoring
2026/07/16 23:23:00 NOTICE: app/ml_models/scalers/NZDUSD/lgbm_scaler.joblib: Duplicate object found in destination - ignoring
[2026-07-16_232001] BazaarNama gdrive backup done
[2026-07-17_002001] BazaarNama gdrive backup start
2026/07/17 00:22:54 NOTICE: app/ml_models/scalers/NAS100/xgboost_scaler.joblib: Duplicate object found in destination - ignoring
2026/07/17 00:22:54 NOTICE: app/ml_models/scalers/NZDUSD/lgbm_scaler.joblib: Duplicate object found in destination - ignoring
[2026-07-17_002001] BazaarNama gdrive backup done
[2026-07-17_012001] BazaarNama gdrive backup start
2026/07/17 01:22:28 NOTICE: app/ml_models/scalers/NAS100/xgboost_scaler.joblib: Duplicate object found in destination - ignoring
2026/07/17 01:22:28 NOTICE: app/ml_models/scalers/NZDUSD/lgbm_scaler.joblib: Duplicate object found in destination - ignoring
[2026-07-17_012001] BazaarNama gdrive backup done
[2026-07-17_022001] BazaarNama gdrive backup start
2026/07/17 02:23:37 NOTICE: app/ml_models/scalers/NAS100/xgboost_scaler.joblib: Duplicate object found in destination - ignoring
2026/07/17 02:23:37 NOTICE: app/ml_models/scalers/NZDUSD/lgbm_scaler.joblib: Duplicate object found in destination - ignoring
[2026-07-17_022001] BazaarNama gdrive backup done
[2026-07-17_032001] BazaarNama gdrive backup start
2026/07/17 03:25:00 NOTICE: app/ml_models/scalers/NAS100/xgboost_scaler.joblib: Duplicate object found in destination - ignoring
2026/07/17 03:25:00 NOTICE: app/ml_models/scalers/NZDUSD/lgbm_scaler.joblib: Duplicate object found in destination - ignoring
[2026-07-17_032001] BazaarNama gdrive backup done
[2026-07-17_042001] BazaarNama gdrive backup start
2026/07/17 04:23:35 NOTICE: app/ml_models/scalers/NAS100/xgboost_scaler.joblib: Duplicate object found in destination - ignoring
2026/07/17 04:23:35 NOTICE: app/ml_models/scalers/NZDUSD/lgbm_scaler.joblib: Duplicate object found in destination - ignoring
[2026-07-17_042001] BazaarNama gdrive backup done
[2026-07-17_052001] BazaarNama gdrive backup start
2026/07/17 05:22:53 NOTICE: app/ml_models/scalers/NAS100/xgboost_scaler.joblib: Duplicate object found in destination - ignoring
2026/07/17 05:22:53 NOTICE: app/ml_models/scalers/NZDUSD/lgbm_scaler.joblib: Duplicate object found in destination - ignoring
[2026-07-17_052001] BazaarNama gdrive backup done
[2026-07-17_062001] BazaarNama gdrive backup start
2026/07/17 06:22:56 NOTICE: app/ml_models/scalers/NAS100/xgboost_scaler.joblib: Duplicate object found in destination - ignoring
2026/07/17 06:22:56 NOTICE: app/ml_models/scalers/NZDUSD/lgbm_scaler.joblib: Duplicate object found in destination - ignoring
[2026-07-17_062001] BazaarNama gdrive backup done
[2026-07-17_072001] BazaarNama gdrive backup start
2026/07/17 07:22:57 NOTICE: app/ml_models/scalers/NAS100/xgboost_scaler.joblib: Duplicate object found in destination - ignoring
2026/07/17 07:22:57 NOTICE: app/ml_models/scalers/NZDUSD/lgbm_scaler.joblib: Duplicate object found in destination - ignoring
[2026-07-17_072001] BazaarNama gdrive backup done
[2026-07-17_082001] BazaarNama gdrive backup start
2026/07/17 08:23:00 NOTICE: app/ml_models/scalers/NZDUSD/lgbm_scaler.joblib: Duplicate object found in destination - ignoring
2026/07/17 08:23:00 NOTICE: app/ml_models/scalers/NAS100/xgboost_scaler.joblib: Duplicate object found in destination - ignoring
[2026-07-17_082001] BazaarNama gdrive backup done
[2026-07-17_092001] BazaarNama gdrive backup start
2026/07/17 09:21:39 NOTICE: app/ml_models/scalers/NAS100/xgboost_scaler.joblib: Duplicate object found in destination - ignoring
2026/07/17 09:21:39 NOTICE: app/ml_models/scalers/NZDUSD/lgbm_scaler.joblib: Duplicate object found in destination - ignoring
[2026-07-17_092001] BazaarNama gdrive backup done
[2026-07-17_102001] BazaarNama gdrive backup start
2026/07/17 10:22:56 NOTICE: app/ml_models/scalers/NAS100/xgboost_scaler.joblib: Duplicate object found in destination - ignoring
2026/07/17 10:22:56 NOTICE: app/ml_models/scalers/NZDUSD/lgbm_scaler.joblib: Duplicate object found in destination - ignoring
[2026-07-17_102001] BazaarNama gdrive backup done
[2026-07-17_112001] BazaarNama gdrive backup start
2026/07/17 11:24:02 NOTICE: app/ml_models/scalers/NAS100/xgboost_scaler.joblib: Duplicate object found in destination - ignoring
2026/07/17 11:24:02 NOTICE: app/ml_models/scalers/NZDUSD/lgbm_scaler.joblib: Duplicate object found in destination - ignoring
[2026-07-17_112001] BazaarNama gdrive backup done
[2026-07-17_122001] BazaarNama gdrive backup start
2026/07/17 12:25:41 NOTICE: app/ml_models/scalers/NAS100/xgboost_scaler.joblib: Duplicate object found in destination - ignoring
2026/07/17 12:25:41 NOTICE: app/ml_models/scalers/NZDUSD/lgbm_scaler.joblib: Duplicate object found in destination - ignoring
[2026-07-17_122001] BazaarNama gdrive backup done
[2026-07-17_132001] BazaarNama gdrive backup start
2026/07/17 13:21:54 NOTICE: app/ml_models/scalers/NZDUSD/lgbm_scaler.joblib: Duplicate object found in destination - ignoring
2026/07/17 13:21:54 NOTICE: app/ml_models/scalers/NAS100/xgboost_scaler.joblib: Duplicate object found in destination - ignoring
[2026-07-17_132001] BazaarNama gdrive backup done
[2026-07-17_142002] BazaarNama gdrive backup start
2026/07/17 14:23:35 NOTICE: app/ml_models/scalers/NAS100/xgboost_scaler.joblib: Duplicate object found in destination - ignoring
2026/07/17 14:23:35 NOTICE: app/ml_models/scalers/NZDUSD/lgbm_scaler.joblib: Duplicate object found in destination - ignoring
[2026-07-17_142002] BazaarNama gdrive backup done
[2026-07-17_152001] BazaarNama gdrive backup start
2026/07/17 15:23:29 NOTICE: app/ml_models/scalers/NAS100/xgboost_scaler.joblib: Duplicate object found in destination - ignoring
2026/07/17 15:23:29 NOTICE: app/ml_models/scalers/NZDUSD/lgbm_scaler.joblib: Duplicate object found in destination - ignoring
[2026-07-17_152001] BazaarNama gdrive backup done
[2026-07-17_162001] BazaarNama gdrive backup start
2026/07/17 16:22:40 NOTICE: app/ml_models/scalers/NAS100/lstm_scaler.joblib: Duplicate object found in destination - ignoring
2026/07/17 16:22:40 NOTICE: app/ml_models/scalers/NAS100/xgboost_scaler.joblib: Duplicate object found in destination - ignoring
[2026-07-17_162001] BazaarNama gdrive backup done
[2026-07-17_172001] BazaarNama gdrive backup start
2026/07/17 17:23:02 NOTICE: app/ml_models/scalers/NAS100/xgboost_scaler.joblib: Duplicate object found in destination - ignoring
2026/07/17 17:23:02 NOTICE: app/ml_models/scalers/NZDUSD/lgbm_scaler.joblib: Duplicate object found in destination - ignoring
[2026-07-17_172001] BazaarNama gdrive backup done
[2026-07-17_182001] BazaarNama gdrive backup start
2026/07/17 18:22:57 NOTICE: app/ml_models/scalers/NAS100/lstm_scaler.joblib: Duplicate object found in destination - ignoring
2026/07/17 18:22:57 NOTICE: app/ml_models/scalers/NAS100/xgboost_scaler.joblib: Duplicate object found in destination - ignoring
[2026-07-17_182001] BazaarNama gdrive backup done
[2026-07-17_192001] BazaarNama gdrive backup start
2026/07/17 19:24:57 NOTICE: app/ml_models/scalers/NZDUSD/lgbm_scaler.joblib: Duplicate object found in destination - ignoring
2026/07/17 19:24:57 NOTICE: app/ml_models/scalers/NAS100/xgboost_scaler.joblib: Duplicate object found in destination - ignoring
[2026-07-17_192001] BazaarNama gdrive backup done
[2026-07-17_202001] BazaarNama gdrive backup start
2026/07/17 20:22:58 NOTICE: app/ml_models/scalers/NAS100/xgboost_scaler.joblib: Duplicate object found in destination - ignoring
2026/07/17 20:22:58 NOTICE: app/ml_models/scalers/NZDUSD/lgbm_scaler.joblib: Duplicate object found in destination - ignoring
[2026-07-17_202001] BazaarNama gdrive backup done
[2026-07-17_212001] BazaarNama gdrive backup start
2026/07/17 21:22:05 NOTICE: app/ml_models/scalers/NAS100/xgboost_scaler.joblib: Duplicate object found in destination - ignoring
2026/07/17 21:22:05 NOTICE: app/ml_models/scalers/NZDUSD/lgbm_scaler.joblib: Duplicate object found in destination - ignoring
[2026-07-17_212001] BazaarNama gdrive backup done
[2026-07-17_222001] BazaarNama gdrive backup start
2026/07/17 22:23:07 NOTICE: app/ml_models/scalers/NAS100/xgboost_scaler.joblib: Duplicate object found in destination - ignoring
2026/07/17 22:23:07 NOTICE: app/ml_models/scalers/NZDUSD/lgbm_scaler.joblib: Duplicate object found in destination - ignoring
[2026-07-17_222001] BazaarNama gdrive backup done
[2026-07-17_232001] BazaarNama gdrive backup start
2026/07/17 23:22:58 NOTICE: app/ml_models/scalers/NAS100/xgboost_scaler.joblib: Duplicate object found in destination - ignoring
2026/07/17 23:22:58 NOTICE: app/ml_models/scalers/NZDUSD/lgbm_scaler.joblib: Duplicate object found in destination - ignoring
[2026-07-17_232001] BazaarNama gdrive backup done
[2026-07-18_002001] BazaarNama gdrive backup start
2026/07/18 00:21:51 NOTICE: app/ml_models/scalers/NAS100/xgboost_scaler.joblib: Duplicate object found in destination - ignoring
2026/07/18 00:21:51 NOTICE: app/ml_models/scalers/NZDUSD/lgbm_scaler.joblib: Duplicate object found in destination - ignoring
[2026-07-18_002001] BazaarNama gdrive backup done
[2026-07-18_012001] BazaarNama gdrive backup start
2026/07/18 01:22:02 NOTICE: app/ml_models/scalers/NAS100/xgboost_scaler.joblib: Duplicate object found in destination - ignoring
2026/07/18 01:22:02 NOTICE: app/ml_models/scalers/NZDUSD/lgbm_scaler.joblib: Duplicate object found in destination - ignoring
[2026-07-18_012001] BazaarNama gdrive backup done
[2026-07-18_022001] BazaarNama gdrive backup start
2026/07/18 02:23:00 NOTICE: app/ml_models/scalers/NAS100/xgboost_scaler.joblib: Duplicate object found in destination - ignoring
2026/07/18 02:23:00 NOTICE: app/ml_models/scalers/NZDUSD/lgbm_scaler.joblib: Duplicate object found in destination - ignoring
[2026-07-18_022001] BazaarNama gdrive backup done
[2026-07-18_032001] BazaarNama gdrive backup start
2026/07/18 03:22:10 NOTICE: app/ml_models/scalers/NAS100/xgboost_scaler.joblib: Duplicate object found in destination - ignoring
2026/07/18 03:22:10 NOTICE: app/ml_models/scalers/NZDUSD/lgbm_scaler.joblib: Duplicate object found in destination - ignoring
[2026-07-18_032001] BazaarNama gdrive backup done
[2026-07-18_042001] BazaarNama gdrive backup start
2026/07/18 04:22:55 NOTICE: app/ml_models/scalers/NAS100/xgboost_scaler.joblib: Duplicate object found in destination - ignoring
2026/07/18 04:22:55 NOTICE: app/ml_models/scalers/NZDUSD/lgbm_scaler.joblib: Duplicate object found in destination - ignoring
[2026-07-18_042001] BazaarNama gdrive backup done
[2026-07-18_052001] BazaarNama gdrive backup start
2026/07/18 05:23:04 NOTICE: app/ml_models/scalers/NAS100/lstm_scaler.joblib: Duplicate object found in destination - ignoring
2026/07/18 05:23:04 NOTICE: app/ml_models/scalers/NAS100/xgboost_scaler.joblib: Duplicate object found in destination - ignoring
[2026-07-18_052001] BazaarNama gdrive backup done
[2026-07-18_062001] BazaarNama gdrive backup start
2026/07/18 06:22:50 NOTICE: app/ml_models/scalers/NAS100/lstm_scaler.joblib: Duplicate object found in destination - ignoring
2026/07/18 06:22:50 NOTICE: app/ml_models/scalers/NAS100/xgboost_scaler.joblib: Duplicate object found in destination - ignoring
[2026-07-18_062001] BazaarNama gdrive backup done
[2026-07-18_072001] BazaarNama gdrive backup start
2026/07/18 07:23:02 NOTICE: app/ml_models/scalers/NAS100/xgboost_scaler.joblib: Duplicate object found in destination - ignoring
2026/07/18 07:23:02 NOTICE: app/ml_models/scalers/NZDUSD/lgbm_scaler.joblib: Duplicate object found in destination - ignoring
[2026-07-18_072001] BazaarNama gdrive backup done
[2026-07-18_082001] BazaarNama gdrive backup start
2026/07/18 08:21:42 NOTICE: app/ml_models/scalers/NAS100/xgboost_scaler.joblib: Duplicate object found in destination - ignoring
2026/07/18 08:21:42 NOTICE: app/ml_models/scalers/NZDUSD/lgbm_scaler.joblib: Duplicate object found in destination - ignoring
[2026-07-18_082001] BazaarNama gdrive backup done
[2026-07-18_092001] BazaarNama gdrive backup start
2026/07/18 09:22:29 NOTICE: app/ml_models/scalers/NAS100/xgboost_scaler.joblib: Duplicate object found in destination - ignoring
2026/07/18 09:22:29 NOTICE: app/ml_models/scalers/NZDUSD/lgbm_scaler.joblib: Duplicate object found in destination - ignoring
[2026-07-18_092001] BazaarNama gdrive backup done
[2026-07-18_102001] BazaarNama gdrive backup start
2026/07/18 10:21:55 NOTICE: app/ml_models/scalers/NAS100/xgboost_scaler.joblib: Duplicate object found in destination - ignoring
2026/07/18 10:21:55 NOTICE: app/ml_models/scalers/NZDUSD/lgbm_scaler.joblib: Duplicate object found in destination - ignoring
[2026-07-18_102001] BazaarNama gdrive backup done
[2026-07-18_112001] BazaarNama gdrive backup start
2026/07/18 11:22:43 NOTICE: app/ml_models/scalers/NAS100/xgboost_scaler.joblib: Duplicate object found in destination - ignoring
2026/07/18 11:22:43 NOTICE: app/ml_models/scalers/NZDUSD/lgbm_scaler.joblib: Duplicate object found in destination - ignoring
[2026-07-18_112001] BazaarNama gdrive backup done
[2026-07-18_122001] BazaarNama gdrive backup start
2026/07/18 12:22:49 NOTICE: app/ml_models/scalers/NAS100/xgboost_scaler.joblib: Duplicate object found in destination - ignoring
2026/07/18 12:22:49 NOTICE: app/ml_models/scalers/NZDUSD/lgbm_scaler.joblib: Duplicate object found in destination - ignoring
[2026-07-18_122001] BazaarNama gdrive backup done
[2026-07-18_132001] BazaarNama gdrive backup start
2026/07/18 13:23:23 NOTICE: app/ml_models/scalers/NAS100/xgboost_scaler.joblib: Duplicate object found in destination - ignoring
2026/07/18 13:23:23 NOTICE: app/ml_models/scalers/NZDUSD/lgbm_scaler.joblib: Duplicate object found in destination - ignoring
[2026-07-18_132001] BazaarNama gdrive backup done
[2026-07-18_142001] BazaarNama gdrive backup start
2026/07/18 14:23:05 NOTICE: app/ml_models/scalers/NAS100/xgboost_scaler.joblib: Duplicate object found in destination - ignoring
2026/07/18 14:23:05 NOTICE: app/ml_models/scalers/NZDUSD/lgbm_scaler.joblib: Duplicate object found in destination - ignoring
[2026-07-18_142001] BazaarNama gdrive backup done
[2026-07-18_152001] BazaarNama gdrive backup start
2026/07/18 15:22:50 NOTICE: app/ml_models/scalers/NAS100/lstm_scaler.joblib: Duplicate object found in destination - ignoring
2026/07/18 15:22:50 NOTICE: app/ml_models/scalers/NAS100/xgboost_scaler.joblib: Duplicate object found in destination - ignoring
[2026-07-18_152001] BazaarNama gdrive backup done
[2026-07-18_162001] BazaarNama gdrive backup start
2026/07/18 16:22:09 NOTICE: app/ml_models/scalers/NAS100/xgboost_scaler.joblib: Duplicate object found in destination - ignoring
2026/07/18 16:22:09 NOTICE: app/ml_models/scalers/NZDUSD/lgbm_scaler.joblib: Duplicate object found in destination - ignoring
[2026-07-18_162001] BazaarNama gdrive backup done
[2026-07-18_172001] BazaarNama gdrive backup start
2026/07/18 17:23:13 NOTICE: app/ml_models/scalers/NAS100/xgboost_scaler.joblib: Duplicate object found in destination - ignoring
2026/07/18 17:23:13 NOTICE: app/ml_models/scalers/NZDUSD/lgbm_scaler.joblib: Duplicate object found in destination - ignoring
[2026-07-18_172001] BazaarNama gdrive backup done
[2026-07-18_182001] BazaarNama gdrive backup start
2026/07/18 18:23:00 NOTICE: app/ml_models/scalers/NZDUSD/lgbm_scaler.joblib: Duplicate object found in destination - ignoring
2026/07/18 18:23:01 ERROR : Attempt 2/3 succeeded
[2026-07-18_182001] BazaarNama gdrive backup done
[2026-07-18_192001] BazaarNama gdrive backup start
2026/07/18 19:24:08 NOTICE: app/ml_models/scalers/NAS100/xgboost_scaler.joblib: Duplicate object found in destination - ignoring
2026/07/18 19:24:08 NOTICE: app/ml_models/scalers/NZDUSD/lgbm_scaler.joblib: Duplicate object found in destination - ignoring
[2026-07-18_192001] BazaarNama gdrive backup done
[2026-07-18_202001] BazaarNama gdrive backup start
2026/07/18 20:21:58 NOTICE: app/ml_models/scalers/NZDUSD/lgbm_scaler.joblib: Duplicate object found in destination - ignoring
2026/07/18 20:21:58 NOTICE: app/ml_models/scalers/NAS100/xgboost_scaler.joblib: Duplicate object found in destination - ignoring
[2026-07-18_202001] BazaarNama gdrive backup done
[2026-07-18_212001] BazaarNama gdrive backup start
2026/07/18 21:23:11 NOTICE: app/ml_models/scalers/NAS100/xgboost_scaler.joblib: Duplicate object found in destination - ignoring
2026/07/18 21:23:11 NOTICE: app/ml_models/scalers/NZDUSD/lgbm_scaler.joblib: Duplicate object found in destination - ignoring
[2026-07-18_212001] BazaarNama gdrive backup done
[2026-07-18_222001] BazaarNama gdrive backup start
2026/07/18 22:23:50 NOTICE: app/ml_models/scalers/NAS100/xgboost_scaler.joblib: Duplicate object found in destination - ignoring
2026/07/18 22:23:50 NOTICE: app/ml_models/scalers/NZDUSD/lgbm_scaler.joblib: Duplicate object found in destination - ignoring
[2026-07-18_222001] BazaarNama gdrive backup done
[2026-07-18_232001] BazaarNama gdrive backup start
2026/07/18 23:22:57 NOTICE: app/ml_models/scalers/NAS100/xgboost_scaler.joblib: Duplicate object found in destination - ignoring
2026/07/18 23:22:57 NOTICE: app/ml_models/scalers/NZDUSD/lgbm_scaler.joblib: Duplicate object found in destination - ignoring
[2026-07-18_232001] BazaarNama gdrive backup done
[2026-07-19_002001] BazaarNama gdrive backup start
2026/07/19 00:23:57 NOTICE: app/ml_models/scalers/NZDUSD/lgbm_scaler.joblib: Duplicate object found in destination - ignoring
2026/07/19 00:23:57 ERROR : Attempt 2/3 succeeded
[2026-07-19_002001] BazaarNama gdrive backup done
[2026-07-19_012001] BazaarNama gdrive backup start
2026/07/19 01:22:56 NOTICE: app/ml_models/scalers/DE40/lstm_scaler.joblib: Duplicate object found in destination - ignoring
2026/07/19 01:22:56 NOTICE: app/ml_models/scalers/DE40/xgboost_scaler.joblib: Duplicate object found in destination - ignoring
[2026-07-19_012001] BazaarNama gdrive backup done
[2026-07-19_022001] BazaarNama gdrive backup start
2026/07/19 02:22:57 NOTICE: app/ml_models/scalers/NAS100/xgboost_scaler.joblib: Duplicate object found in destination - ignoring
2026/07/19 02:22:57 NOTICE: app/ml_models/scalers/NZDUSD/lgbm_scaler.joblib: Duplicate object found in destination - ignoring
[2026-07-19_022001] BazaarNama gdrive backup done
[2026-07-19_032001] BazaarNama gdrive backup start
2026/07/19 03:23:04 NOTICE: app/ml_models/scalers/NAS100/xgboost_scaler.joblib: Duplicate object found in destination - ignoring
2026/07/19 03:23:04 NOTICE: app/ml_models/scalers/NZDUSD/lgbm_scaler.joblib: Duplicate object found in destination - ignoring
[2026-07-19_032001] BazaarNama gdrive backup done
[2026-07-19_042001] BazaarNama gdrive backup start
2026/07/19 04:22:42 NOTICE: app/ml_models/scalers/NAS100/xgboost_scaler.joblib: Duplicate object found in destination - ignoring
2026/07/19 04:22:42 NOTICE: app/ml_models/scalers/NZDUSD/lgbm_scaler.joblib: Duplicate object found in destination - ignoring
[2026-07-19_042001] BazaarNama gdrive backup done
[2026-07-19_052001] BazaarNama gdrive backup start
2026/07/19 05:23:07 NOTICE: app/ml_models/scalers/NAS100/lstm_scaler.joblib: Duplicate object found in destination - ignoring
2026/07/19 05:23:07 NOTICE: app/ml_models/scalers/NAS100/xgboost_scaler.joblib: Duplicate object found in destination - ignoring
[2026-07-19_052001] BazaarNama gdrive backup done
[2026-07-19_062001] BazaarNama gdrive backup start
2026/07/19 06:22:53 NOTICE: app/ml_models/scalers/NAS100/xgboost_scaler.joblib: Duplicate object found in destination - ignoring
2026/07/19 06:22:53 NOTICE: app/ml_models/scalers/NZDUSD/lgbm_scaler.joblib: Duplicate object found in destination - ignoring
[2026-07-19_062001] BazaarNama gdrive backup done
[2026-07-19_072001] BazaarNama gdrive backup start
2026/07/19 07:21:50 NOTICE: app/ml_models/scalers/NZDUSD/lgbm_scaler.joblib: Duplicate object found in destination - ignoring
2026/07/19 07:21:50 NOTICE: app/ml_models/scalers/NAS100/xgboost_scaler.joblib: Duplicate object found in destination - ignoring
[2026-07-19_072001] BazaarNama gdrive backup done
[2026-07-19_082001] BazaarNama gdrive backup start
2026/07/19 08:24:41 NOTICE: app/ml_models/scalers/NAS100/lstm_scaler.joblib: Duplicate object found in destination - ignoring
2026/07/19 08:24:41 NOTICE: app/ml_models/scalers/NAS100/xgboost_scaler.joblib: Duplicate object found in destination - ignoring
[2026-07-19_082001] BazaarNama gdrive backup done
[2026-07-19_092001] BazaarNama gdrive backup start
2026/07/19 09:22:57 NOTICE: app/ml_models/scalers/NAS100/xgboost_scaler.joblib: Duplicate object found in destination - ignoring
2026/07/19 09:22:57 NOTICE: app/ml_models/scalers/NZDUSD/lgbm_scaler.joblib: Duplicate object found in destination - ignoring
[2026-07-19_092001] BazaarNama gdrive backup done
[2026-07-19_102001] BazaarNama gdrive backup start
2026/07/19 10:22:59 NOTICE: app/ml_models/scalers/NAS100/lstm_scaler.joblib: Duplicate object found in destination - ignoring
2026/07/19 10:22:59 NOTICE: app/ml_models/scalers/NAS100/xgboost_scaler.joblib: Duplicate object found in destination - ignoring
[2026-07-19_102001] BazaarNama gdrive backup done
[2026-07-19_112001] BazaarNama gdrive backup start
2026/07/19 11:23:05 NOTICE: app/ml_models/scalers/NAS100/xgboost_scaler.joblib: Duplicate object found in destination - ignoring
2026/07/19 11:23:05 NOTICE: app/ml_models/scalers/NZDUSD/lgbm_scaler.joblib: Duplicate object found in destination - ignoring
[2026-07-19_112001] BazaarNama gdrive backup done
[2026-07-19_122001] BazaarNama gdrive backup start
2026/07/19 12:24:53 NOTICE: app/ml_models/scalers/NAS100/xgboost_scaler.joblib: Duplicate object found in destination - ignoring
2026/07/19 12:24:53 NOTICE: app/ml_models/scalers/NZDUSD/lgbm_scaler.joblib: Duplicate object found in destination - ignoring
[2026-07-19_122001] BazaarNama gdrive backup done
[2026-07-19_132001] BazaarNama gdrive backup start
2026/07/19 13:23:05 NOTICE: app/ml_models/scalers/NAS100/xgboost_scaler.joblib: Duplicate object found in destination - ignoring
2026/07/19 13:23:05 NOTICE: app/ml_models/scalers/NZDUSD/lgbm_scaler.joblib: Duplicate object found in destination - ignoring
[2026-07-19_132001] BazaarNama gdrive backup done
[2026-07-19_142001] BazaarNama gdrive backup start
2026/07/19 14:22:03 NOTICE: app/ml_models/scalers/NAS100/xgboost_scaler.joblib: Duplicate object found in destination - ignoring
2026/07/19 14:22:03 NOTICE: app/ml_models/scalers/NZDUSD/lgbm_scaler.joblib: Duplicate object found in destination - ignoring
[2026-07-19_142001] BazaarNama gdrive backup done
[2026-07-19_152001] BazaarNama gdrive backup start
2026/07/19 15:23:58 NOTICE: app/ml_models/scalers/NZDUSD/lgbm_scaler.joblib: Duplicate object found in destination - ignoring
2026/07/19 15:24:53 ERROR : Attempt 2/3 succeeded
[2026-07-19_152001] BazaarNama gdrive backup done
[2026-07-19_162001] BazaarNama gdrive backup start
2026/07/19 16:22:56 NOTICE: app/ml_models/scalers/NAS100/xgboost_scaler.joblib: Duplicate object found in destination - ignoring
2026/07/19 16:22:56 NOTICE: app/ml_models/scalers/NZDUSD/lgbm_scaler.joblib: Duplicate object found in destination - ignoring
[2026-07-19_162001] BazaarNama gdrive backup done
[2026-07-19_172001] BazaarNama gdrive backup start
2026/07/19 17:22:58 NOTICE: app/ml_models/scalers/NAS100/xgboost_scaler.joblib: Duplicate object found in destination - ignoring
2026/07/19 17:22:58 NOTICE: app/ml_models/scalers/NZDUSD/lgbm_scaler.joblib: Duplicate object found in destination - ignoring
[2026-07-19_172001] BazaarNama gdrive backup done
[2026-07-19_182001] BazaarNama gdrive backup start
2026/07/19 18:22:52 NOTICE: app/ml_models/scalers/NZDUSD/lgbm_scaler.joblib: Duplicate object found in destination - ignoring
2026/07/19 18:22:52 NOTICE: app/ml_models/scalers/NAS100/xgboost_scaler.joblib: Duplicate object found in destination - ignoring
[2026-07-19_182001] BazaarNama gdrive backup done
[2026-07-19_192002] BazaarNama gdrive backup start
2026/07/19 19:22:58 NOTICE: app/ml_models/scalers/NAS100/xgboost_scaler.joblib: Duplicate object found in destination - ignoring
2026/07/19 19:22:58 NOTICE: app/ml_models/scalers/NZDUSD/lgbm_scaler.joblib: Duplicate object found in destination - ignoring
[2026-07-19_192002] BazaarNama gdrive backup done
[2026-07-19_202001] BazaarNama gdrive backup start
2026/07/19 20:25:54 NOTICE: app/ml_models/scalers/NZDUSD/lgbm_scaler.joblib: Duplicate object found in destination - ignoring
2026/07/19 20:25:54 ERROR : Attempt 2/3 succeeded
[2026-07-19_202001] BazaarNama gdrive backup done
[2026-07-19_212001] BazaarNama gdrive backup start
2026/07/19 21:22:58 NOTICE: app/ml_models/scalers/NAS100/xgboost_scaler.joblib: Duplicate object found in destination - ignoring
2026/07/19 21:22:58 NOTICE: app/ml_models/scalers/NZDUSD/lgbm_scaler.joblib: Duplicate object found in destination - ignoring
[2026-07-19_212001] BazaarNama gdrive backup done
[2026-07-19_222001] BazaarNama gdrive backup start
2026/07/19 22:23:48 NOTICE: app/ml_models/scalers/NAS100/xgboost_scaler.joblib: Duplicate object found in destination - ignoring
2026/07/19 22:23:48 NOTICE: app/ml_models/scalers/NZDUSD/lgbm_scaler.joblib: Duplicate object found in destination - ignoring
[2026-07-19_222001] BazaarNama gdrive backup done
[2026-07-19_232001] BazaarNama gdrive backup start
2026/07/19 23:23:06 NOTICE: app/ml_models/scalers/NAS100/xgboost_scaler.joblib: Duplicate object found in destination - ignoring
2026/07/19 23:23:06 NOTICE: app/ml_models/scalers/NZDUSD/lgbm_scaler.joblib: Duplicate object found in destination - ignoring
[2026-07-19_232001] BazaarNama gdrive backup done
[2026-07-20_002001] BazaarNama gdrive backup start
2026/07/20 00:21:47 NOTICE: app/ml_models/scalers/NAS100/xgboost_scaler.joblib: Duplicate object found in destination - ignoring
2026/07/20 00:21:47 NOTICE: app/ml_models/scalers/NZDUSD/lgbm_scaler.joblib: Duplicate object found in destination - ignoring
[2026-07-20_002001] BazaarNama gdrive backup done
[2026-07-20_012001] BazaarNama gdrive backup start
2026/07/20 01:22:51 NOTICE: app/ml_models/scalers/NAS100/lstm_scaler.joblib: Duplicate object found in destination - ignoring
2026/07/20 01:22:51 NOTICE: app/ml_models/scalers/NAS100/xgboost_scaler.joblib: Duplicate object found in destination - ignoring
[2026-07-20_012001] BazaarNama gdrive backup done
[2026-07-20_022001] BazaarNama gdrive backup start
2026/07/20 02:23:21 NOTICE: app/ml_models/scalers/NAS100/xgboost_scaler.joblib: Duplicate object found in destination - ignoring
2026/07/20 02:23:21 NOTICE: app/ml_models/scalers/NZDUSD/lgbm_scaler.joblib: Duplicate object found in destination - ignoring
[2026-07-20_022001] BazaarNama gdrive backup done
[2026-07-20_032001] BazaarNama gdrive backup start
2026/07/20 03:21:57 NOTICE: app/ml_models/scalers/NAS100/xgboost_scaler.joblib: Duplicate object found in destination - ignoring
2026/07/20 03:21:57 NOTICE: app/ml_models/scalers/NZDUSD/lgbm_scaler.joblib: Duplicate object found in destination - ignoring
[2026-07-20_032001] BazaarNama gdrive backup done
[2026-07-20_042001] BazaarNama gdrive backup start
2026/07/20 04:21:40 NOTICE: app/ml_models/scalers/NAS100/xgboost_scaler.joblib: Duplicate object found in destination - ignoring
2026/07/20 04:21:40 NOTICE: app/ml_models/scalers/NZDUSD/lgbm_scaler.joblib: Duplicate object found in destination - ignoring
[2026-07-20_042001] BazaarNama gdrive backup done
[2026-07-20_052001] BazaarNama gdrive backup start
2026/07/20 05:23:01 NOTICE: app/ml_models/scalers/NZDUSD/lgbm_scaler.joblib: Duplicate object found in destination - ignoring
2026/07/20 05:23:01 NOTICE: app/ml_models/scalers/NAS100/xgboost_scaler.joblib: Duplicate object found in destination - ignoring
[2026-07-20_052001] BazaarNama gdrive backup done
[2026-07-20_062001] BazaarNama gdrive backup start
2026/07/20 06:22:54 NOTICE: app/ml_models/scalers/NAS100/xgboost_scaler.joblib: Duplicate object found in destination - ignoring
2026/07/20 06:22:54 NOTICE: app/ml_models/scalers/NZDUSD/lgbm_scaler.joblib: Duplicate object found in destination - ignoring
[2026-07-20_062001] BazaarNama gdrive backup done
[2026-07-20_072001] BazaarNama gdrive backup start
2026/07/20 07:23:06 NOTICE: app/ml_models/scalers/NAS100/xgboost_scaler.joblib: Duplicate object found in destination - ignoring
2026/07/20 07:23:06 NOTICE: app/ml_models/scalers/NZDUSD/lgbm_scaler.joblib: Duplicate object found in destination - ignoring
[2026-07-20_072001] BazaarNama gdrive backup done
[2026-07-20_082001] BazaarNama gdrive backup start
2026/07/20 08:24:59 NOTICE: app/ml_models/scalers/NAS100/xgboost_scaler.joblib: Duplicate object found in destination - ignoring
2026/07/20 08:24:59 NOTICE: app/ml_models/scalers/NZDUSD/lgbm_scaler.joblib: Duplicate object found in destination - ignoring
[2026-07-20_082001] BazaarNama gdrive backup done
[2026-07-20_092001] BazaarNama gdrive backup start
2026/07/20 09:23:05 NOTICE: app/ml_models/scalers/NAS100/xgboost_scaler.joblib: Duplicate object found in destination - ignoring
2026/07/20 09:23:05 NOTICE: app/ml_models/scalers/NZDUSD/lgbm_scaler.joblib: Duplicate object found in destination - ignoring
[2026-07-20_092001] BazaarNama gdrive backup done
[2026-07-20_102001] BazaarNama gdrive backup start
2026/07/20 10:23:06 NOTICE: app/ml_models/scalers/NAS100/lstm_scaler.joblib: Duplicate object found in destination - ignoring
2026/07/20 10:23:06 NOTICE: app/ml_models/scalers/NAS100/xgboost_scaler.joblib: Duplicate object found in destination - ignoring
[2026-07-20_102001] BazaarNama gdrive backup done
[2026-07-20_112001] BazaarNama gdrive backup start
2026/07/20 11:23:10 NOTICE: app/ml_models/scalers/NAS100/xgboost_scaler.joblib: Duplicate object found in destination - ignoring
2026/07/20 11:23:10 NOTICE: app/ml_models/scalers/NZDUSD/lgbm_scaler.joblib: Duplicate object found in destination - ignoring
[2026-07-20_112001] BazaarNama gdrive backup done
[2026-07-20_122001] BazaarNama gdrive backup start
2026/07/20 12:24:42 NOTICE: app/ml_models/scalers/NAS100/xgboost_scaler.joblib: Duplicate object found in destination - ignoring
2026/07/20 12:24:42 NOTICE: app/ml_models/scalers/NZDUSD/lgbm_scaler.joblib: Duplicate object found in destination - ignoring
[2026-07-20_122001] BazaarNama gdrive backup done
[2026-07-20_132001] BazaarNama gdrive backup start
2026/07/20 13:23:00 NOTICE: app/ml_models/scalers/NAS100/xgboost_scaler.joblib: Duplicate object found in destination - ignoring
2026/07/20 13:23:00 NOTICE: app/ml_models/scalers/NZDUSD/lgbm_scaler.joblib: Duplicate object found in destination - ignoring
[2026-07-20_132001] BazaarNama gdrive backup done
[2026-07-20_142001] BazaarNama gdrive backup start
2026/07/20 14:27:16 NOTICE: app/ml_models/scalers/NAS100/lstm_scaler.joblib: Duplicate object found in destination - ignoring
2026/07/20 14:27:16 NOTICE: app/ml_models/scalers/NAS100/xgboost_scaler.joblib: Duplicate object found in destination - ignoring
[2026-07-20_142001] BazaarNama gdrive backup done
[2026-07-20_152001] BazaarNama gdrive backup start
2026/07/20 15:24:55 NOTICE: app/ml_models/scalers/NAS100/xgboost_scaler.joblib: Duplicate object found in destination - ignoring
2026/07/20 15:24:55 NOTICE: app/ml_models/scalers/NZDUSD/lgbm_scaler.joblib: Duplicate object found in destination - ignoring
[2026-07-20_152001] BazaarNama gdrive backup done
[2026-07-20_162001] BazaarNama gdrive backup start
2026/07/20 16:24:51 NOTICE: app/ml_models/scalers/NZDUSD/lgbm_scaler.joblib: Duplicate object found in destination - ignoring
2026/07/20 16:24:52 ERROR : Attempt 2/3 succeeded
[2026-07-20_162001] BazaarNama gdrive backup done
[2026-07-20_172001] BazaarNama gdrive backup start
2026/07/20 17:23:03 NOTICE: app/ml_models/scalers/NAS100/lstm_scaler.joblib: Duplicate object found in destination - ignoring
2026/07/20 17:23:03 NOTICE: app/ml_models/scalers/NAS100/xgboost_scaler.joblib: Duplicate object found in destination - ignoring
[2026-07-20_172001] BazaarNama gdrive backup done
[2026-07-20_182001] BazaarNama gdrive backup start
2026/07/20 18:22:55 NOTICE: app/ml_models/scalers/NAS100/xgboost_scaler.joblib: Duplicate object found in destination - ignoring
2026/07/20 18:22:55 NOTICE: app/ml_models/scalers/NZDUSD/lgbm_scaler.joblib: Duplicate object found in destination - ignoring
[2026-07-20_182001] BazaarNama gdrive backup done
[2026-07-20_192001] BazaarNama gdrive backup start
2026/07/20 19:23:12 NOTICE: app/ml_models/scalers/NAS100/xgboost_scaler.joblib: Duplicate object found in destination - ignoring
2026/07/20 19:23:12 NOTICE: app/ml_models/scalers/NZDUSD/lgbm_scaler.joblib: Duplicate object found in destination - ignoring
[2026-07-20_192001] BazaarNama gdrive backup done
[2026-07-20_202001] BazaarNama gdrive backup start
2026/07/20 20:23:38 NOTICE: app/ml_models/scalers/NAS100/xgboost_scaler.joblib: Duplicate object found in destination - ignoring
2026/07/20 20:23:38 NOTICE: app/ml_models/scalers/NZDUSD/lgbm_scaler.joblib: Duplicate object found in destination - ignoring
[2026-07-20_202001] BazaarNama gdrive backup done
[2026-07-20_212001] BazaarNama gdrive backup start
2026/07/20 21:22:54 NOTICE: app/ml_models/scalers/NAS100/xgboost_scaler.joblib: Duplicate object found in destination - ignoring
2026/07/20 21:22:54 NOTICE: app/ml_models/scalers/NZDUSD/lgbm_scaler.joblib: Duplicate object found in destination - ignoring
[2026-07-20_212001] BazaarNama gdrive backup done
[2026-07-20_222001] BazaarNama gdrive backup start
2026/07/20 22:23:10 NOTICE: app/ml_models/scalers/NAS100/xgboost_scaler.joblib: Duplicate object found in destination - ignoring
2026/07/20 22:23:10 NOTICE: app/ml_models/scalers/NZDUSD/lgbm_scaler.joblib: Duplicate object found in destination - ignoring
[2026-07-20_222001] BazaarNama gdrive backup done
[2026-07-20_232001] BazaarNama gdrive backup start
2026/07/20 23:21:48 NOTICE: app/ml_models/scalers/NAS100/xgboost_scaler.joblib: Duplicate object found in destination - ignoring
2026/07/20 23:21:48 NOTICE: app/ml_models/scalers/NZDUSD/lgbm_scaler.joblib: Duplicate object found in destination - ignoring
[2026-07-20_232001] BazaarNama gdrive backup done
[2026-07-21_002001] BazaarNama gdrive backup start
2026/07/21 00:23:42 NOTICE: app/ml_models/scalers/NAS100/lstm_scaler.joblib: Duplicate object found in destination - ignoring
2026/07/21 00:23:42 NOTICE: app/ml_models/scalers/NAS100/xgboost_scaler.joblib: Duplicate object found in destination - ignoring
[2026-07-21_002001] BazaarNama gdrive backup done
[2026-07-21_012001] BazaarNama gdrive backup start
2026/07/21 01:21:59 NOTICE: app/ml_models/scalers/NAS100/xgboost_scaler.joblib: Duplicate object found in destination - ignoring
2026/07/21 01:21:59 NOTICE: app/ml_models/scalers/NZDUSD/lgbm_scaler.joblib: Duplicate object found in destination - ignoring
[2026-07-21_012001] BazaarNama gdrive backup done
[2026-07-21_022001] BazaarNama gdrive backup start
2026/07/21 02:22:46 NOTICE: app/ml_models/scalers/NAS100/xgboost_scaler.joblib: Duplicate object found in destination - ignoring
2026/07/21 02:22:46 NOTICE: app/ml_models/scalers/NZDUSD/lgbm_scaler.joblib: Duplicate object found in destination - ignoring
[2026-07-21_022001] BazaarNama gdrive backup done
[2026-07-21_032001] BazaarNama gdrive backup start
2026/07/21 03:24:51 NOTICE: app/ml_models/scalers/NAS100/xgboost_scaler.joblib: Duplicate object found in destination - ignoring
2026/07/21 03:24:51 NOTICE: app/ml_models/scalers/NZDUSD/lgbm_scaler.joblib: Duplicate object found in destination - ignoring
[2026-07-21_032001] BazaarNama gdrive backup done
[2026-07-21_042001] BazaarNama gdrive backup start
2026/07/21 04:22:49 NOTICE: app/ml_models/scalers/NAS100/xgboost_scaler.joblib: Duplicate object found in destination - ignoring
2026/07/21 04:22:49 NOTICE: app/ml_models/scalers/NZDUSD/lgbm_scaler.joblib: Duplicate object found in destination - ignoring
[2026-07-21_042001] BazaarNama gdrive backup done
[2026-07-21_052001] BazaarNama gdrive backup start
2026/07/21 05:23:35 NOTICE: app/ml_models/scalers/NAS100/lstm_scaler.joblib: Duplicate object found in destination - ignoring
2026/07/21 05:23:35 NOTICE: app/ml_models/scalers/NAS100/xgboost_scaler.joblib: Duplicate object found in destination - ignoring
[2026-07-21_052001] BazaarNama gdrive backup done
[2026-07-21_062001] BazaarNama gdrive backup start
2026/07/21 06:23:11 NOTICE: app/ml_models/scalers/NAS100/xgboost_scaler.joblib: Duplicate object found in destination - ignoring
2026/07/21 06:23:11 NOTICE: app/ml_models/scalers/NZDUSD/lgbm_scaler.joblib: Duplicate object found in destination - ignoring
[2026-07-21_062001] BazaarNama gdrive backup done
[2026-07-21_072001] BazaarNama gdrive backup start
2026/07/21 07:21:58 NOTICE: app/ml_models/scalers/NAS100/lstm_scaler.joblib: Duplicate object found in destination - ignoring
2026/07/21 07:21:58 NOTICE: app/ml_models/scalers/NAS100/xgboost_scaler.joblib: Duplicate object found in destination - ignoring
[2026-07-21_072001] BazaarNama gdrive backup done
[2026-07-21_082001] BazaarNama gdrive backup start
2026/07/21 08:24:32 NOTICE: app/ml_models/scalers/NAS100/lstm_scaler.joblib: Duplicate object found in destination - ignoring
2026/07/21 08:24:32 NOTICE: app/ml_models/scalers/NAS100/xgboost_scaler.joblib: Duplicate object found in destination - ignoring
[2026-07-21_082001] BazaarNama gdrive backup done
[2026-07-21_092001] BazaarNama gdrive backup start
2026/07/21 09:23:37 NOTICE: app/ml_models/scalers/NAS100/xgboost_scaler.joblib: Duplicate object found in destination - ignoring
2026/07/21 09:23:37 NOTICE: app/ml_models/scalers/NZDUSD/lgbm_scaler.joblib: Duplicate object found in destination - ignoring
[2026-07-21_092001] BazaarNama gdrive backup done
[2026-07-21_102001] BazaarNama gdrive backup start
2026/07/21 10:24:56 NOTICE: app/ml_models/scalers/NAS100/xgboost_scaler.joblib: Duplicate object found in destination - ignoring
2026/07/21 10:24:56 NOTICE: app/ml_models/scalers/NZDUSD/lgbm_scaler.joblib: Duplicate object found in destination - ignoring
[2026-07-21_102001] BazaarNama gdrive backup done
[2026-07-21_112002] BazaarNama gdrive backup start
2026/07/21 11:23:10 NOTICE: app/ml_models/scalers/NAS100/xgboost_scaler.joblib: Duplicate object found in destination - ignoring
2026/07/21 11:23:10 NOTICE: app/ml_models/scalers/NZDUSD/lgbm_scaler.joblib: Duplicate object found in destination - ignoring
[2026-07-21_112002] BazaarNama gdrive backup done
[2026-07-21_122001] BazaarNama gdrive backup start
2026/07/21 12:23:18 NOTICE: app/ml_models/scalers/NAS100/xgboost_scaler.joblib: Duplicate object found in destination - ignoring
2026/07/21 12:23:18 NOTICE: app/ml_models/scalers/NZDUSD/lgbm_scaler.joblib: Duplicate object found in destination - ignoring
[2026-07-21_122001] BazaarNama gdrive backup done
[2026-07-21_132001] BazaarNama gdrive backup start
2026/07/21 13:22:59 NOTICE: app/ml_models/scalers/NAS100/xgboost_scaler.joblib: Duplicate object found in destination - ignoring
2026/07/21 13:22:59 NOTICE: app/ml_models/scalers/NZDUSD/lgbm_scaler.joblib: Duplicate object found in destination - ignoring
[2026-07-21_132001] BazaarNama gdrive backup done
[2026-07-21_142001] BazaarNama gdrive backup start
2026/07/21 14:22:55 NOTICE: app/ml_models/scalers/NAS100/xgboost_scaler.joblib: Duplicate object found in destination - ignoring
2026/07/21 14:22:55 NOTICE: app/ml_models/scalers/NZDUSD/lgbm_scaler.joblib: Duplicate object found in destination - ignoring
[2026-07-21_142001] BazaarNama gdrive backup done
[2026-07-21_152001] BazaarNama gdrive backup start
2026/07/21 15:23:03 NOTICE: app/ml_models/scalers/NAS100/lstm_scaler.joblib: Duplicate object found in destination - ignoring
2026/07/21 15:23:03 NOTICE: app/ml_models/scalers/NAS100/xgboost_scaler.joblib: Duplicate object found in destination - ignoring
[2026-07-21_152001] BazaarNama gdrive backup done
[2026-07-21_162001] BazaarNama gdrive backup start
2026/07/21 16:23:00 NOTICE: app/ml_models/scalers/NZDUSD/lgbm_scaler.joblib: Duplicate object found in destination - ignoring
2026/07/21 16:23:00 NOTICE: app/ml_models/scalers/NAS100/xgboost_scaler.joblib: Duplicate object found in destination - ignoring
[2026-07-21_162001] BazaarNama gdrive backup done
[2026-07-21_172001] BazaarNama gdrive backup start
2026/07/21 17:22:55 NOTICE: app/ml_models/scalers/NAS100/xgboost_scaler.joblib: Duplicate object found in destination - ignoring
2026/07/21 17:22:55 NOTICE: app/ml_models/scalers/NZDUSD/lgbm_scaler.joblib: Duplicate object found in destination - ignoring
[2026-07-21_172001] BazaarNama gdrive backup done
[2026-07-21_182001] BazaarNama gdrive backup start
2026/07/21 18:22:54 NOTICE: app/ml_models/scalers/NAS100/xgboost_scaler.joblib: Duplicate object found in destination - ignoring
2026/07/21 18:22:54 NOTICE: app/ml_models/scalers/NZDUSD/lgbm_scaler.joblib: Duplicate object found in destination - ignoring
[2026-07-21_182001] BazaarNama gdrive backup done
[2026-07-21_192001] BazaarNama gdrive backup start
2026/07/21 19:22:52 NOTICE: app/ml_models/scalers/NAS100/xgboost_scaler.joblib: Duplicate object found in destination - ignoring
2026/07/21 19:22:52 NOTICE: app/ml_models/scalers/NZDUSD/lgbm_scaler.joblib: Duplicate object found in destination - ignoring
[2026-07-21_192001] BazaarNama gdrive backup done
[2026-07-21_202001] BazaarNama gdrive backup start
2026/07/21 20:22:56 NOTICE: app/ml_models/scalers/NAS100/xgboost_scaler.joblib: Duplicate object found in destination - ignoring
2026/07/21 20:22:56 NOTICE: app/ml_models/scalers/NZDUSD/lgbm_scaler.joblib: Duplicate object found in destination - ignoring
[2026-07-21_202001] BazaarNama gdrive backup done
[2026-07-21_212001] BazaarNama gdrive backup start
2026/07/21 21:22:59 NOTICE: app/ml_models/scalers/NAS100/lstm_scaler.joblib: Duplicate object found in destination - ignoring
2026/07/21 21:22:59 NOTICE: app/ml_models/scalers/NAS100/xgboost_scaler.joblib: Duplicate object found in destination - ignoring
[2026-07-21_212001] BazaarNama gdrive backup done
[2026-07-21_222001] BazaarNama gdrive backup start
2026/07/21 22:23:02 NOTICE: app/ml_models/scalers/NAS100/xgboost_scaler.joblib: Duplicate object found in destination - ignoring
2026/07/21 22:23:02 NOTICE: app/ml_models/scalers/NZDUSD/lgbm_scaler.joblib: Duplicate object found in destination - ignoring
[2026-07-21_222001] BazaarNama gdrive backup done
[2026-07-21_232001] BazaarNama gdrive backup start
2026/07/21 23:22:55 NOTICE: app/ml_models/scalers/NAS100/lstm_scaler.joblib: Duplicate object found in destination - ignoring
2026/07/21 23:22:55 NOTICE: app/ml_models/scalers/NAS100/xgboost_scaler.joblib: Duplicate object found in destination - ignoring
[2026-07-21_232001] BazaarNama gdrive backup done
[2026-07-22_002001] BazaarNama gdrive backup start
2026/07/22 00:25:03 NOTICE: app/ml_models/scalers/NZDUSD/lgbm_scaler.joblib: Duplicate object found in destination - ignoring
2026/07/22 00:25:03 NOTICE: app/ml_models/scalers/NAS100/xgboost_scaler.joblib: Duplicate object found in destination - ignoring
[2026-07-22_002001] BazaarNama gdrive backup done
[2026-07-22_012001] BazaarNama gdrive backup start
2026/07/22 01:22:50 NOTICE: app/ml_models/scalers/NAS100/xgboost_scaler.joblib: Duplicate object found in destination - ignoring
2026/07/22 01:22:50 NOTICE: app/ml_models/scalers/NZDUSD/lgbm_scaler.joblib: Duplicate object found in destination - ignoring
[2026-07-22_012001] BazaarNama gdrive backup done
[2026-07-22_022001] BazaarNama gdrive backup start
2026/07/22 02:21:57 NOTICE: app/ml_models/scalers/NAS100/xgboost_scaler.joblib: Duplicate object found in destination - ignoring
2026/07/22 02:21:57 NOTICE: app/ml_models/scalers/NZDUSD/lgbm_scaler.joblib: Duplicate object found in destination - ignoring
[2026-07-22_022001] BazaarNama gdrive backup done
[2026-07-22_032001] BazaarNama gdrive backup start
2026/07/22 03:22:58 NOTICE: app/ml_models/scalers/NZDUSD/lgbm_scaler.joblib: Duplicate object found in destination - ignoring
2026/07/22 03:22:58 NOTICE: app/ml_models/scalers/NAS100/xgboost_scaler.joblib: Duplicate object found in destination - ignoring
[2026-07-22_032001] BazaarNama gdrive backup done
[2026-07-22_042001] BazaarNama gdrive backup start
2026/07/22 04:21:54 NOTICE: app/ml_models/scalers/NAS100/lstm_scaler.joblib: Duplicate object found in destination - ignoring
2026/07/22 04:21:54 NOTICE: app/ml_models/scalers/NAS100/xgboost_scaler.joblib: Duplicate object found in destination - ignoring
[2026-07-22_042001] BazaarNama gdrive backup done
[2026-07-22_052001] BazaarNama gdrive backup start
2026/07/22 05:21:42 NOTICE: app/ml_models/scalers/NAS100/xgboost_scaler.joblib: Duplicate object found in destination - ignoring
2026/07/22 05:21:42 NOTICE: app/ml_models/scalers/NZDUSD/lgbm_scaler.joblib: Duplicate object found in destination - ignoring
[2026-07-22_052001] BazaarNama gdrive backup done
[2026-07-22_062001] BazaarNama gdrive backup start
2026/07/22 06:23:02 NOTICE: app/ml_models/scalers/NAS100/xgboost_scaler.joblib: Duplicate object found in destination - ignoring
2026/07/22 06:23:02 NOTICE: app/ml_models/scalers/NZDUSD/lgbm_scaler.joblib: Duplicate object found in destination - ignoring
[2026-07-22_062001] BazaarNama gdrive backup done
[2026-07-22_072001] BazaarNama gdrive backup start
2026/07/22 07:23:06 NOTICE: app/ml_models/scalers/NAS100/xgboost_scaler.joblib: Duplicate object found in destination - ignoring
2026/07/22 07:23:06 NOTICE: app/ml_models/scalers/NZDUSD/lgbm_scaler.joblib: Duplicate object found in destination - ignoring
[2026-07-22_072001] BazaarNama gdrive backup done
[2026-07-22_082001] BazaarNama gdrive backup start
2026/07/22 08:24:01 NOTICE: app/ml_models/scalers/NAS100/xgboost_scaler.joblib: Duplicate object found in destination - ignoring
2026/07/22 08:24:01 NOTICE: app/ml_models/scalers/NZDUSD/lgbm_scaler.joblib: Duplicate object found in destination - ignoring
[2026-07-22_082001] BazaarNama gdrive backup done
[2026-07-22_092001] BazaarNama gdrive backup start
2026/07/22 09:22:59 NOTICE: app/ml_models/scalers/NAS100/xgboost_scaler.joblib: Duplicate object found in destination - ignoring
2026/07/22 09:22:59 NOTICE: app/ml_models/scalers/NZDUSD/lgbm_scaler.joblib: Duplicate object found in destination - ignoring
[2026-07-22_092001] BazaarNama gdrive backup done
[2026-07-22_102001] BazaarNama gdrive backup start
2026/07/22 10:22:55 NOTICE: app/ml_models/scalers/NAS100/xgboost_scaler.joblib: Duplicate object found in destination - ignoring
2026/07/22 10:22:55 NOTICE: app/ml_models/scalers/NZDUSD/lgbm_scaler.joblib: Duplicate object found in destination - ignoring
[2026-07-22_102001] BazaarNama gdrive backup done
[2026-07-22_112001] BazaarNama gdrive backup start
2026/07/22 11:22:56 NOTICE: app/ml_models/scalers/NAS100/xgboost_scaler.joblib: Duplicate object found in destination - ignoring
2026/07/22 11:22:56 NOTICE: app/ml_models/scalers/NZDUSD/lgbm_scaler.joblib: Duplicate object found in destination - ignoring
2026/07/22 11:23:47 ERROR : Attempt 2/3 succeeded
[2026-07-22_112001] BazaarNama gdrive backup done
[2026-07-22_122001] BazaarNama gdrive backup start
2026/07/22 12:24:59 NOTICE: app/ml_models/scalers/NAS100/xgboost_scaler.joblib: Duplicate object found in destination - ignoring
2026/07/22 12:24:59 NOTICE: app/ml_models/scalers/NZDUSD/lgbm_scaler.joblib: Duplicate object found in destination - ignoring
[2026-07-22_122001] BazaarNama gdrive backup done
[2026-07-22_132001] BazaarNama gdrive backup start
2026/07/22 13:22:59 NOTICE: app/ml_models/scalers/NAS100/xgboost_scaler.joblib: Duplicate object found in destination - ignoring
2026/07/22 13:22:59 NOTICE: app/ml_models/scalers/NZDUSD/lgbm_scaler.joblib: Duplicate object found in destination - ignoring
[2026-07-22_132001] BazaarNama gdrive backup done
[2026-07-22_142001] BazaarNama gdrive backup start
2026/07/22 14:23:55 NOTICE: app/ml_models/scalers/NAS100/xgboost_scaler.joblib: Duplicate object found in destination - ignoring
2026/07/22 14:23:55 NOTICE: app/ml_models/scalers/NZDUSD/lgbm_scaler.joblib: Duplicate object found in destination - ignoring
[2026-07-22_142001] BazaarNama gdrive backup done
[2026-07-22_152001] BazaarNama gdrive backup start
2026/07/22 15:23:08 NOTICE: app/ml_models/scalers/NAS100/lstm_scaler.joblib: Duplicate object found in destination - ignoring
2026/07/22 15:23:08 NOTICE: app/ml_models/scalers/NAS100/xgboost_scaler.joblib: Duplicate object found in destination - ignoring
[2026-07-22_152001] BazaarNama gdrive backup done
[2026-07-22_162001] BazaarNama gdrive backup start
2026/07/22 16:23:38 NOTICE: app/ml_models/scalers/NZDUSD/lgbm_scaler.joblib: Duplicate object found in destination - ignoring
2026/07/22 16:23:38 NOTICE: app/ml_models/scalers/NAS100/xgboost_scaler.joblib: Duplicate object found in destination - ignoring
[2026-07-22_162001] BazaarNama gdrive backup done
[2026-07-22_172001] BazaarNama gdrive backup start
2026/07/22 17:22:08 NOTICE: app/ml_models/scalers/NAS100/xgboost_scaler.joblib: Duplicate object found in destination - ignoring
2026/07/22 17:22:08 NOTICE: app/ml_models/scalers/NZDUSD/lgbm_scaler.joblib: Duplicate object found in destination - ignoring
[2026-07-22_172001] BazaarNama gdrive backup done
[2026-07-22_182001] BazaarNama gdrive backup start
2026/07/22 18:22:38 NOTICE: app/ml_models/scalers/NAS100/xgboost_scaler.joblib: Duplicate object found in destination - ignoring
2026/07/22 18:22:38 NOTICE: app/ml_models/scalers/NZDUSD/lgbm_scaler.joblib: Duplicate object found in destination - ignoring
[2026-07-22_182001] BazaarNama gdrive backup done
[2026-07-22_192001] BazaarNama gdrive backup start
2026/07/22 19:23:55 NOTICE: app/ml_models/scalers/NZDUSD/lgbm_scaler.joblib: Duplicate object found in destination - ignoring
2026/07/22 19:23:55 NOTICE: app/ml_models/scalers/NAS100/xgboost_scaler.joblib: Duplicate object found in destination - ignoring
[2026-07-22_192001] BazaarNama gdrive backup done
[2026-07-22_202001] BazaarNama gdrive backup start
2026/07/22 20:23:42 NOTICE: app/ml_models/scalers/NAS100/xgboost_scaler.joblib: Duplicate object found in destination - ignoring
2026/07/22 20:23:42 NOTICE: app/ml_models/scalers/NZDUSD/lgbm_scaler.joblib: Duplicate object found in destination - ignoring
[2026-07-22_202001] BazaarNama gdrive backup done
[2026-07-22_212001] BazaarNama gdrive backup start
2026/07/22 21:23:08 NOTICE: app/ml_models/scalers/NAS100/xgboost_scaler.joblib: Duplicate object found in destination - ignoring
2026/07/22 21:23:08 NOTICE: app/ml_models/scalers/NZDUSD/lgbm_scaler.joblib: Duplicate object found in destination - ignoring
[2026-07-22_212001] BazaarNama gdrive backup done
[2026-07-22_222001] BazaarNama gdrive backup start
2026/07/22 22:23:54 NOTICE: app/ml_models/scalers/NAS100/lstm_scaler.joblib: Duplicate object found in destination - ignoring
2026/07/22 22:23:54 NOTICE: app/ml_models/scalers/NAS100/xgboost_scaler.joblib: Duplicate object found in destination - ignoring
[2026-07-22_222001] BazaarNama gdrive backup done
[2026-07-22_232001] BazaarNama gdrive backup start
2026/07/22 23:22:59 NOTICE: app/ml_models/scalers/NAS100/xgboost_scaler.joblib: Duplicate object found in destination - ignoring
2026/07/22 23:22:59 NOTICE: app/ml_models/scalers/NZDUSD/lgbm_scaler.joblib: Duplicate object found in destination - ignoring
[2026-07-22_232001] BazaarNama gdrive backup done
[2026-07-23_002001] BazaarNama gdrive backup start
2026/07/23 00:22:47 NOTICE: app/ml_models/scalers/NAS100/xgboost_scaler.joblib: Duplicate object found in destination - ignoring
2026/07/23 00:22:47 NOTICE: app/ml_models/scalers/NZDUSD/lgbm_scaler.joblib: Duplicate object found in destination - ignoring
[2026-07-23_002001] BazaarNama gdrive backup done
[2026-07-23_012001] BazaarNama gdrive backup start
2026/07/23 01:23:01 NOTICE: app/ml_models/scalers/NAS100/xgboost_scaler.joblib: Duplicate object found in destination - ignoring
2026/07/23 01:23:01 NOTICE: app/ml_models/scalers/NZDUSD/lgbm_scaler.joblib: Duplicate object found in destination - ignoring
[2026-07-23_012001] BazaarNama gdrive backup done
[2026-07-23_022001] BazaarNama gdrive backup start
2026/07/23 02:23:42 NOTICE: app/ml_models/scalers/NAS100/xgboost_scaler.joblib: Duplicate object found in destination - ignoring
2026/07/23 02:23:42 NOTICE: app/ml_models/scalers/NZDUSD/lgbm_scaler.joblib: Duplicate object found in destination - ignoring
[2026-07-23_022001] BazaarNama gdrive backup done
[2026-07-23_032001] BazaarNama gdrive backup start
2026/07/23 03:23:01 NOTICE: app/ml_models/scalers/NAS100/xgboost_scaler.joblib: Duplicate object found in destination - ignoring
2026/07/23 03:23:01 NOTICE: app/ml_models/scalers/NZDUSD/lgbm_scaler.joblib: Duplicate object found in destination - ignoring
[2026-07-23_032001] BazaarNama gdrive backup done
[2026-07-23_042001] BazaarNama gdrive backup start
2026/07/23 04:22:54 NOTICE: app/ml_models/scalers/NAS100/xgboost_scaler.joblib: Duplicate object found in destination - ignoring
2026/07/23 04:22:54 NOTICE: app/ml_models/scalers/NZDUSD/lgbm_scaler.joblib: Duplicate object found in destination - ignoring
[2026-07-23_042001] BazaarNama gdrive backup done
[2026-07-23_052001] BazaarNama gdrive backup start
2026/07/23 05:21:42 NOTICE: app/ml_models/scalers/NAS100/xgboost_scaler.joblib: Duplicate object found in destination - ignoring
2026/07/23 05:21:42 NOTICE: app/ml_models/scalers/NZDUSD/lgbm_scaler.joblib: Duplicate object found in destination - ignoring
[2026-07-23_052001] BazaarNama gdrive backup done
[2026-07-23_062001] BazaarNama gdrive backup start
2026/07/23 06:22:48 NOTICE: app/ml_models/scalers/NAS100/xgboost_scaler.joblib: Duplicate object found in destination - ignoring
2026/07/23 06:22:48 NOTICE: app/ml_models/scalers/NZDUSD/lgbm_scaler.joblib: Duplicate object found in destination - ignoring
[2026-07-23_062001] BazaarNama gdrive backup done
[2026-07-23_072001] BazaarNama gdrive backup start
2026/07/23 07:21:59 NOTICE: app/ml_models/scalers/NAS100/xgboost_scaler.joblib: Duplicate object found in destination - ignoring
2026/07/23 07:21:59 NOTICE: app/ml_models/scalers/NZDUSD/lgbm_scaler.joblib: Duplicate object found in destination - ignoring
[2026-07-23_072001] BazaarNama gdrive backup done
[2026-07-23_082001] BazaarNama gdrive backup start
2026/07/23 08:23:14 NOTICE: app/ml_models/scalers/NAS100/xgboost_scaler.joblib: Duplicate object found in destination - ignoring
2026/07/23 08:23:14 NOTICE: app/ml_models/scalers/NZDUSD/lgbm_scaler.joblib: Duplicate object found in destination - ignoring
[2026-07-23_082001] BazaarNama gdrive backup done
[2026-07-23_092001] BazaarNama gdrive backup start
2026/07/23 09:23:07 NOTICE: app/ml_models/scalers/NAS100/xgboost_scaler.joblib: Duplicate object found in destination - ignoring
2026/07/23 09:23:07 NOTICE: app/ml_models/scalers/NZDUSD/lgbm_scaler.joblib: Duplicate object found in destination - ignoring
[2026-07-23_092001] BazaarNama gdrive backup done
[2026-07-23_102001] BazaarNama gdrive backup start
2026/07/23 10:22:59 NOTICE: app/ml_models/scalers/NAS100/xgboost_scaler.joblib: Duplicate object found in destination - ignoring
2026/07/23 10:22:59 NOTICE: app/ml_models/scalers/NZDUSD/lgbm_scaler.joblib: Duplicate object found in destination - ignoring
[2026-07-23_102001] BazaarNama gdrive backup done
[2026-07-23_112001] BazaarNama gdrive backup start
2026/07/23 11:23:08 NOTICE: app/ml_models/scalers/NAS100/xgboost_scaler.joblib: Duplicate object found in destination - ignoring
2026/07/23 11:23:08 NOTICE: app/ml_models/scalers/NZDUSD/lgbm_scaler.joblib: Duplicate object found in destination - ignoring
[2026-07-23_112001] BazaarNama gdrive backup done
[2026-07-23_122001] BazaarNama gdrive backup start
2026/07/23 12:23:06 NOTICE: app/ml_models/scalers/NZDUSD/lgbm_scaler.joblib: Duplicate object found in destination - ignoring
2026/07/23 12:23:06 NOTICE: app/ml_models/scalers/NAS100/xgboost_scaler.joblib: Duplicate object found in destination - ignoring
[2026-07-23_122001] BazaarNama gdrive backup done
[2026-07-23_132001] BazaarNama gdrive backup start
2026/07/23 13:23:05 NOTICE: app/ml_models/scalers/NAS100/xgboost_scaler.joblib: Duplicate object found in destination - ignoring
2026/07/23 13:23:05 NOTICE: app/ml_models/scalers/NZDUSD/lgbm_scaler.joblib: Duplicate object found in destination - ignoring
[2026-07-23_132001] BazaarNama gdrive backup done
[2026-07-23_142001] BazaarNama gdrive backup start
2026/07/23 14:22:57 NOTICE: app/ml_models/scalers/NAS100/xgboost_scaler.joblib: Duplicate object found in destination - ignoring
2026/07/23 14:22:57 NOTICE: app/ml_models/scalers/NZDUSD/lgbm_scaler.joblib: Duplicate object found in destination - ignoring
[2026-07-23_142001] BazaarNama gdrive backup done
[2026-07-23_152001] BazaarNama gdrive backup start
2026/07/23 15:24:14 NOTICE: app/ml_models/scalers/NAS100/xgboost_scaler.joblib: Duplicate object found in destination - ignoring
2026/07/23 15:24:14 NOTICE: app/ml_models/scalers/NZDUSD/lgbm_scaler.joblib: Duplicate object found in destination - ignoring
[2026-07-23_152001] BazaarNama gdrive backup done
[2026-07-23_162001] BazaarNama gdrive backup start
2026/07/23 16:24:55 NOTICE: app/ml_models/scalers/NAS100/lstm_scaler.joblib: Duplicate object found in destination - ignoring
2026/07/23 16:24:55 NOTICE: app/ml_models/scalers/NAS100/xgboost_scaler.joblib: Duplicate object found in destination - ignoring
[2026-07-23_162001] BazaarNama gdrive backup done
[2026-07-23_172001] BazaarNama gdrive backup start
2026/07/23 17:26:49 NOTICE: app/ml_models/scalers/NAS100/xgboost_scaler.joblib: Duplicate object found in destination - ignoring
2026/07/23 17:26:49 NOTICE: app/ml_models/scalers/NZDUSD/lgbm_scaler.joblib: Duplicate object found in destination - ignoring
[2026-07-23_172001] BazaarNama gdrive backup done
[2026-07-23_182001] BazaarNama gdrive backup start
2026/07/23 18:22:57 NOTICE: app/ml_models/scalers/NAS100/xgboost_scaler.joblib: Duplicate object found in destination - ignoring
2026/07/23 18:22:57 NOTICE: app/ml_models/scalers/NZDUSD/lgbm_scaler.joblib: Duplicate object found in destination - ignoring
[2026-07-23_182001] BazaarNama gdrive backup done
[2026-07-23_192001] BazaarNama gdrive backup start
2026/07/23 19:23:41 NOTICE: app/ml_models/scalers/NZDUSD/lgbm_scaler.joblib: Duplicate object found in destination - ignoring
2026/07/23 19:23:41 NOTICE: app/ml_models/scalers/NAS100/xgboost_scaler.joblib: Duplicate object found in destination - ignoring
[2026-07-23_192001] BazaarNama gdrive backup done
[2026-07-23_202001] BazaarNama gdrive backup start
2026/07/23 20:23:08 NOTICE: app/ml_models/scalers/NAS100/lstm_scaler.joblib: Duplicate object found in destination - ignoring
2026/07/23 20:23:08 NOTICE: app/ml_models/scalers/NAS100/xgboost_scaler.joblib: Duplicate object found in destination - ignoring
[2026-07-23_202001] BazaarNama gdrive backup done
[2026-07-23_212001] BazaarNama gdrive backup start
2026/07/23 21:23:57 NOTICE: app/ml_models/scalers/NAS100/xgboost_scaler.joblib: Duplicate object found in destination - ignoring
2026/07/23 21:23:57 NOTICE: app/ml_models/scalers/NZDUSD/lgbm_scaler.joblib: Duplicate object found in destination - ignoring
[2026-07-23_212001] BazaarNama gdrive backup done
[2026-07-23_222001] BazaarNama gdrive backup start
2026/07/23 22:22:57 NOTICE: app/ml_models/scalers/NAS100/xgboost_scaler.joblib: Duplicate object found in destination - ignoring
2026/07/23 22:22:57 NOTICE: app/ml_models/scalers/NZDUSD/lgbm_scaler.joblib: Duplicate object found in destination - ignoring
[2026-07-23_222001] BazaarNama gdrive backup done
[2026-07-23_232001] BazaarNama gdrive backup start
2026/07/23 23:22:00 NOTICE: app/ml_models/scalers/NAS100/xgboost_scaler.joblib: Duplicate object found in destination - ignoring
2026/07/23 23:22:00 NOTICE: app/ml_models/scalers/NZDUSD/lgbm_scaler.joblib: Duplicate object found in destination - ignoring
[2026-07-23_232001] BazaarNama gdrive backup done
[2026-07-24_002001] BazaarNama gdrive backup start
2026/07/24 00:22:59 NOTICE: app/ml_models/scalers/NAS100/xgboost_scaler.joblib: Duplicate object found in destination - ignoring
2026/07/24 00:22:59 NOTICE: app/ml_models/scalers/NZDUSD/lgbm_scaler.joblib: Duplicate object found in destination - ignoring
[2026-07-24_002001] BazaarNama gdrive backup done
[2026-07-24_012001] BazaarNama gdrive backup start
2026/07/24 01:23:07 NOTICE: app/ml_models/scalers/NAS100/lstm_scaler.joblib: Duplicate object found in destination - ignoring
2026/07/24 01:23:07 NOTICE: app/ml_models/scalers/NAS100/xgboost_scaler.joblib: Duplicate object found in destination - ignoring
[2026-07-24_012001] BazaarNama gdrive backup done
[2026-07-24_022001] BazaarNama gdrive backup start
2026/07/24 02:22:55 NOTICE: app/ml_models/scalers/NAS100/xgboost_scaler.joblib: Duplicate object found in destination - ignoring
2026/07/24 02:22:55 NOTICE: app/ml_models/scalers/NZDUSD/lgbm_scaler.joblib: Duplicate object found in destination - ignoring
2026/07/24 02:23:50 ERROR : Attempt 2/3 succeeded
[2026-07-24_022001] BazaarNama gdrive backup done
[2026-07-24_032001] BazaarNama gdrive backup start
2026/07/24 03:22:56 NOTICE: app/ml_models/scalers/NAS100/xgboost_scaler.joblib: Duplicate object found in destination - ignoring
2026/07/24 03:22:56 NOTICE: app/ml_models/scalers/NZDUSD/lgbm_scaler.joblib: Duplicate object found in destination - ignoring
[2026-07-24_032001] BazaarNama gdrive backup done
[2026-07-24_042001] BazaarNama gdrive backup start
2026/07/24 04:22:55 NOTICE: app/ml_models/scalers/NAS100/xgboost_scaler.joblib: Duplicate object found in destination - ignoring
2026/07/24 04:22:55 NOTICE: app/ml_models/scalers/NZDUSD/lgbm_scaler.joblib: Duplicate object found in destination - ignoring
[2026-07-24_042001] BazaarNama gdrive backup done
[2026-07-24_052001] BazaarNama gdrive backup start
2026/07/24 05:22:56 NOTICE: app/ml_models/scalers/NAS100/xgboost_scaler.joblib: Duplicate object found in destination - ignoring
2026/07/24 05:22:56 NOTICE: app/ml_models/scalers/NZDUSD/lgbm_scaler.joblib: Duplicate object found in destination - ignoring
2026/07/24 05:24:34 ERROR : Attempt 2/3 succeeded
[2026-07-24_052001] BazaarNama gdrive backup done
[2026-07-24_062001] BazaarNama gdrive backup start
2026/07/24 06:23:02 NOTICE: app/ml_models/scalers/NAS100/lstm_scaler.joblib: Duplicate object found in destination - ignoring
2026/07/24 06:23:02 NOTICE: app/ml_models/scalers/NAS100/xgboost_scaler.joblib: Duplicate object found in destination - ignoring
[2026-07-24_062001] BazaarNama gdrive backup done
[2026-07-24_072001] BazaarNama gdrive backup start
2026/07/24 07:24:58 NOTICE: app/ml_models/scalers/NAS100/xgboost_scaler.joblib: Duplicate object found in destination - ignoring
2026/07/24 07:24:58 NOTICE: app/ml_models/scalers/NZDUSD/lgbm_scaler.joblib: Duplicate object found in destination - ignoring
[2026-07-24_072001] BazaarNama gdrive backup done
[2026-07-24_082001] BazaarNama gdrive backup start
2026/07/24 08:23:02 NOTICE: app/ml_models/scalers/NZDUSD/lgbm_scaler.joblib: Duplicate object found in destination - ignoring
2026/07/24 08:23:02 NOTICE: app/ml_models/scalers/NAS100/xgboost_scaler.joblib: Duplicate object found in destination - ignoring
[2026-07-24_082001] BazaarNama gdrive backup done
[2026-07-24_092001] BazaarNama gdrive backup start
2026/07/24 09:23:57 NOTICE: app/ml_models/scalers/NAS100/xgboost_scaler.joblib: Duplicate object found in destination - ignoring
2026/07/24 09:23:57 NOTICE: app/ml_models/scalers/NZDUSD/lgbm_scaler.joblib: Duplicate object found in destination - ignoring
[2026-07-24_092001] BazaarNama gdrive backup done
[2026-07-24_102001] BazaarNama gdrive backup start
2026/07/24 10:22:53 NOTICE: app/ml_models/scalers/NAS100/lstm_scaler.joblib: Duplicate object found in destination - ignoring
2026/07/24 10:22:53 NOTICE: app/ml_models/scalers/NAS100/xgboost_scaler.joblib: Duplicate object found in destination - ignoring
[2026-07-24_102001] BazaarNama gdrive backup done
[2026-07-24_112001] BazaarNama gdrive backup start
2026/07/24 11:22:57 NOTICE: app/ml_models/scalers/NAS100/xgboost_scaler.joblib: Duplicate object found in destination - ignoring
2026/07/24 11:22:57 NOTICE: app/ml_models/scalers/NZDUSD/lgbm_scaler.joblib: Duplicate object found in destination - ignoring
[2026-07-24_112001] BazaarNama gdrive backup done
[2026-07-24_122001] BazaarNama gdrive backup start
2026/07/24 12:22:58 NOTICE: app/ml_models/scalers/NAS100/xgboost_scaler.joblib: Duplicate object found in destination - ignoring
2026/07/24 12:22:58 NOTICE: app/ml_models/scalers/NZDUSD/lgbm_scaler.joblib: Duplicate object found in destination - ignoring
[2026-07-24_122001] BazaarNama gdrive backup done
[2026-07-24_132001] BazaarNama gdrive backup start
2026/07/24 13:23:53 NOTICE: app/ml_models/scalers/NAS100/lstm_scaler.joblib: Duplicate object found in destination - ignoring
2026/07/24 13:23:53 NOTICE: app/ml_models/scalers/NAS100/xgboost_scaler.joblib: Duplicate object found in destination - ignoring
[2026-07-24_132001] BazaarNama gdrive backup done
[2026-07-24_142001] BazaarNama gdrive backup start
2026/07/24 14:23:00 NOTICE: app/ml_models/scalers/NAS100/xgboost_scaler.joblib: Duplicate object found in destination - ignoring
2026/07/24 14:23:00 NOTICE: app/ml_models/scalers/NZDUSD/lgbm_scaler.joblib: Duplicate object found in destination - ignoring
[2026-07-24_142001] BazaarNama gdrive backup done
[2026-07-24_152001] BazaarNama gdrive backup start
2026/07/24 15:23:06 NOTICE: app/ml_models/scalers/NAS100/xgboost_scaler.joblib: Duplicate object found in destination - ignoring
2026/07/24 15:23:06 NOTICE: app/ml_models/scalers/NZDUSD/lgbm_scaler.joblib: Duplicate object found in destination - ignoring
[2026-07-24_152001] BazaarNama gdrive backup done
[2026-07-24_162001] BazaarNama gdrive backup start
2026/07/24 16:23:08 NOTICE: app/ml_models/scalers/NAS100/xgboost_scaler.joblib: Duplicate object found in destination - ignoring
2026/07/24 16:23:08 NOTICE: app/ml_models/scalers/NZDUSD/lgbm_scaler.joblib: Duplicate object found in destination - ignoring
[2026-07-24_162001] BazaarNama gdrive backup done
[2026-07-24_172001] BazaarNama gdrive backup start
2026/07/24 17:21:49 NOTICE: app/ml_models/scalers/NAS100/xgboost_scaler.joblib: Duplicate object found in destination - ignoring
2026/07/24 17:21:49 NOTICE: app/ml_models/scalers/NZDUSD/lgbm_scaler.joblib: Duplicate object found in destination - ignoring
[2026-07-24_172001] BazaarNama gdrive backup done
[2026-07-24_182001] BazaarNama gdrive backup start
2026/07/24 18:23:00 NOTICE: app/ml_models/scalers/NAS100/xgboost_scaler.joblib: Duplicate object found in destination - ignoring
2026/07/24 18:23:00 NOTICE: app/ml_models/scalers/NZDUSD/lgbm_scaler.joblib: Duplicate object found in destination - ignoring
[2026-07-24_182001] BazaarNama gdrive backup done
[2026-07-24_192001] BazaarNama gdrive backup start
2026/07/24 19:22:57 NOTICE: app/ml_models/scalers/NAS100/xgboost_scaler.joblib: Duplicate object found in destination - ignoring
2026/07/24 19:22:57 NOTICE: app/ml_models/scalers/NZDUSD/lgbm_scaler.joblib: Duplicate object found in destination - ignoring
[2026-07-24_192001] BazaarNama gdrive backup done
[2026-07-24_202001] BazaarNama gdrive backup start
2026/07/24 20:22:54 NOTICE: app/ml_models/scalers/NAS100/lstm_scaler.joblib: Duplicate object found in destination - ignoring
2026/07/24 20:22:54 NOTICE: app/ml_models/scalers/NAS100/xgboost_scaler.joblib: Duplicate object found in destination - ignoring
[2026-07-24_202001] BazaarNama gdrive backup done
[2026-07-24_212001] BazaarNama gdrive backup start
2026/07/24 21:23:01 NOTICE: app/ml_models/scalers/NAS100/xgboost_scaler.joblib: Duplicate object found in destination - ignoring
2026/07/24 21:23:01 NOTICE: app/ml_models/scalers/NZDUSD/lgbm_scaler.joblib: Duplicate object found in destination - ignoring
[2026-07-24_212001] BazaarNama gdrive backup done
[2026-07-24_222001] BazaarNama gdrive backup start
2026/07/24 22:22:58 NOTICE: app/ml_models/scalers/NAS100/xgboost_scaler.joblib: Duplicate object found in destination - ignoring
2026/07/24 22:22:58 NOTICE: app/ml_models/scalers/NZDUSD/lgbm_scaler.joblib: Duplicate object found in destination - ignoring
[2026-07-24_222001] BazaarNama gdrive backup done
[2026-07-24_232001] BazaarNama gdrive backup start
2026/07/24 23:23:01 NOTICE: app/ml_models/scalers/NAS100/xgboost_scaler.joblib: Duplicate object found in destination - ignoring
2026/07/24 23:23:01 NOTICE: app/ml_models/scalers/NZDUSD/lgbm_scaler.joblib: Duplicate object found in destination - ignoring
[2026-07-24_232001] BazaarNama gdrive backup done
[2026-07-25_002001] BazaarNama gdrive backup start
2026/07/25 00:22:55 NOTICE: app/ml_models/scalers/NAS100/xgboost_scaler.joblib: Duplicate object found in destination - ignoring
2026/07/25 00:22:55 NOTICE: app/ml_models/scalers/NZDUSD/lgbm_scaler.joblib: Duplicate object found in destination - ignoring
[2026-07-25_002001] BazaarNama gdrive backup done
[2026-07-25_012001] BazaarNama gdrive backup start
2026/07/25 01:23:10 NOTICE: app/ml_models/scalers/NAS100/xgboost_scaler.joblib: Duplicate object found in destination - ignoring
2026/07/25 01:23:10 NOTICE: app/ml_models/scalers/NZDUSD/lgbm_scaler.joblib: Duplicate object found in destination - ignoring
[2026-07-25_012001] BazaarNama gdrive backup done
[2026-07-25_022001] BazaarNama gdrive backup start
2026/07/25 02:27:06 NOTICE: app/ml_models/scalers/NZDUSD/lgbm_scaler.joblib: Duplicate object found in destination - ignoring
2026/07/25 02:27:07 ERROR : Attempt 2/3 succeeded
[2026-07-25_022001] BazaarNama gdrive backup done
[2026-07-25_032001] BazaarNama gdrive backup start
2026/07/25 03:22:47 NOTICE: app/ml_models/scalers/NAS100/lstm_scaler.joblib: Duplicate object found in destination - ignoring
2026/07/25 03:22:47 NOTICE: app/ml_models/scalers/NAS100/xgboost_scaler.joblib: Duplicate object found in destination - ignoring
[2026-07-25_032001] BazaarNama gdrive backup done
[2026-07-25_042001] BazaarNama gdrive backup start
2026/07/25 04:22:49 NOTICE: app/ml_models/scalers/NZDUSD/lgbm_scaler.joblib: Duplicate object found in destination - ignoring
2026/07/25 04:22:49 NOTICE: app/ml_models/scalers/NAS100/xgboost_scaler.joblib: Duplicate object found in destination - ignoring
[2026-07-25_042001] BazaarNama gdrive backup done
[2026-07-25_052001] BazaarNama gdrive backup start
2026/07/25 05:22:38 NOTICE: app/ml_models/scalers/NZDUSD/lgbm_scaler.joblib: Duplicate object found in destination - ignoring
2026/07/25 05:22:38 NOTICE: app/ml_models/scalers/NAS100/xgboost_scaler.joblib: Duplicate object found in destination - ignoring
[2026-07-25_052001] BazaarNama gdrive backup done
[2026-07-25_062001] BazaarNama gdrive backup start
2026/07/25 06:22:54 NOTICE: app/ml_models/scalers/NAS100/xgboost_scaler.joblib: Duplicate object found in destination - ignoring
2026/07/25 06:22:54 NOTICE: app/ml_models/scalers/NZDUSD/lgbm_scaler.joblib: Duplicate object found in destination - ignoring
[2026-07-25_062001] BazaarNama gdrive backup done
[2026-07-25_072001] BazaarNama gdrive backup start
2026/07/25 07:22:54 NOTICE: app/ml_models/scalers/NAS100/xgboost_scaler.joblib: Duplicate object found in destination - ignoring
2026/07/25 07:22:54 NOTICE: app/ml_models/scalers/NZDUSD/lgbm_scaler.joblib: Duplicate object found in destination - ignoring
[2026-07-25_072001] BazaarNama gdrive backup done
[2026-07-25_082001] BazaarNama gdrive backup start
2026/07/25 08:22:59 NOTICE: app/ml_models/scalers/NAS100/lstm_scaler.joblib: Duplicate object found in destination - ignoring
2026/07/25 08:22:59 NOTICE: app/ml_models/scalers/NAS100/xgboost_scaler.joblib: Duplicate object found in destination - ignoring
[2026-07-25_082001] BazaarNama gdrive backup done
[2026-07-25_092001] BazaarNama gdrive backup start
2026/07/25 09:23:40 NOTICE: app/ml_models/scalers/NAS100/lstm_scaler.joblib: Duplicate object found in destination - ignoring
2026/07/25 09:23:40 NOTICE: app/ml_models/scalers/NAS100/xgboost_scaler.joblib: Duplicate object found in destination - ignoring
[2026-07-25_092001] BazaarNama gdrive backup done
[2026-07-25_102001] BazaarNama gdrive backup start
2026/07/25 10:22:56 NOTICE: app/ml_models/scalers/NAS100/xgboost_scaler.joblib: Duplicate object found in destination - ignoring
2026/07/25 10:22:56 NOTICE: app/ml_models/scalers/NZDUSD/lgbm_scaler.joblib: Duplicate object found in destination - ignoring
2026/07/25 10:24:49 ERROR : Attempt 2/3 succeeded
[2026-07-25_102001] BazaarNama gdrive backup done
[2026-07-25_112001] BazaarNama gdrive backup start
2026/07/25 11:21:52 NOTICE: app/ml_models/scalers/NZDUSD/lgbm_scaler.joblib: Duplicate object found in destination - ignoring
2026/07/25 11:21:52 NOTICE: app/ml_models/scalers/NAS100/xgboost_scaler.joblib: Duplicate object found in destination - ignoring
[2026-07-25_112001] BazaarNama gdrive backup done
[2026-07-25_122001] BazaarNama gdrive backup start
2026/07/25 12:22:56 NOTICE: app/ml_models/scalers/NAS100/lstm_scaler.joblib: Duplicate object found in destination - ignoring
2026/07/25 12:22:56 NOTICE: app/ml_models/scalers/NAS100/xgboost_scaler.joblib: Duplicate object found in destination - ignoring
[2026-07-25_122001] BazaarNama gdrive backup done
[2026-07-25_132001] BazaarNama gdrive backup start
2026/07/25 13:21:45 NOTICE: app/ml_models/scalers/NZDUSD/lgbm_scaler.joblib: Duplicate object found in destination - ignoring
2026/07/25 13:21:45 NOTICE: app/ml_models/scalers/NAS100/xgboost_scaler.joblib: Duplicate object found in destination - ignoring
[2026-07-25_132001] BazaarNama gdrive backup done
[2026-07-25_142001] BazaarNama gdrive backup start
2026/07/25 14:22:58 NOTICE: app/ml_models/scalers/NAS100/xgboost_scaler.joblib: Duplicate object found in destination - ignoring
2026/07/25 14:22:58 NOTICE: app/ml_models/scalers/NZDUSD/lgbm_scaler.joblib: Duplicate object found in destination - ignoring
[2026-07-25_142001] BazaarNama gdrive backup done
[2026-07-25_152001] BazaarNama gdrive backup start
2026/07/25 15:24:59 NOTICE: app/ml_models/scalers/NAS100/xgboost_scaler.joblib: Duplicate object found in destination - ignoring
2026/07/25 15:24:59 ERROR : Attempt 2/3 succeeded
[2026-07-25_152001] BazaarNama gdrive backup done
[2026-07-25_162001] BazaarNama gdrive backup start
2026/07/25 16:23:05 NOTICE: app/ml_models/scalers/NAS100/xgboost_scaler.joblib: Duplicate object found in destination - ignoring
2026/07/25 16:23:05 NOTICE: app/ml_models/scalers/NZDUSD/lgbm_scaler.joblib: Duplicate object found in destination - ignoring
[2026-07-25_162001] BazaarNama gdrive backup done
[2026-07-25_172001] BazaarNama gdrive backup start
2026/07/25 17:23:00 NOTICE: app/ml_models/scalers/NAS100/xgboost_scaler.joblib: Duplicate object found in destination - ignoring
2026/07/25 17:23:00 NOTICE: app/ml_models/scalers/NZDUSD/lgbm_scaler.joblib: Duplicate object found in destination - ignoring
[2026-07-25_172001] BazaarNama gdrive backup done
[2026-07-25_182001] BazaarNama gdrive backup start
2026/07/25 18:22:06 NOTICE: app/ml_models/scalers/NAS100/xgboost_scaler.joblib: Duplicate object found in destination - ignoring
2026/07/25 18:22:06 NOTICE: app/ml_models/scalers/NZDUSD/lgbm_scaler.joblib: Duplicate object found in destination - ignoring
[2026-07-25_182001] BazaarNama gdrive backup done
[2026-07-25_192001] BazaarNama gdrive backup start
2026/07/25 19:22:55 NOTICE: app/ml_models/scalers/NAS100/xgboost_scaler.joblib: Duplicate object found in destination - ignoring
2026/07/25 19:22:55 NOTICE: app/ml_models/scalers/NZDUSD/lgbm_scaler.joblib: Duplicate object found in destination - ignoring
[2026-07-25_192001] BazaarNama gdrive backup done
[2026-07-25_202001] BazaarNama gdrive backup start
2026/07/25 20:22:51 NOTICE: app/ml_models/scalers/NAS100/xgboost_scaler.joblib: Duplicate object found in destination - ignoring
2026/07/25 20:22:51 NOTICE: app/ml_models/scalers/NZDUSD/lgbm_scaler.joblib: Duplicate object found in destination - ignoring
[2026-07-25_202001] BazaarNama gdrive backup done
[2026-07-25_212001] BazaarNama gdrive backup start
2026/07/25 21:23:54 NOTICE: app/ml_models/scalers/NAS100/xgboost_scaler.joblib: Duplicate object found in destination - ignoring
2026/07/25 21:23:54 NOTICE: app/ml_models/scalers/NZDUSD/lgbm_scaler.joblib: Duplicate object found in destination - ignoring
[2026-07-25_212001] BazaarNama gdrive backup done
[2026-07-25_222001] BazaarNama gdrive backup start
2026/07/25 22:22:49 NOTICE: app/ml_models/scalers/NZDUSD/lgbm_scaler.joblib: Duplicate object found in destination - ignoring
2026/07/25 22:22:49 NOTICE: app/ml_models/scalers/NAS100/xgboost_scaler.joblib: Duplicate object found in destination - ignoring
[2026-07-25_222001] BazaarNama gdrive backup done
[2026-07-25_232001] BazaarNama gdrive backup start
2026/07/25 23:22:55 NOTICE: app/ml_models/scalers/NAS100/xgboost_scaler.joblib: Duplicate object found in destination - ignoring
2026/07/25 23:22:55 NOTICE: app/ml_models/scalers/NZDUSD/lgbm_scaler.joblib: Duplicate object found in destination - ignoring
[2026-07-25_232001] BazaarNama gdrive backup done
[2026-07-26_002001] BazaarNama gdrive backup start
2026/07/26 00:22:04 NOTICE: app/ml_models/scalers/NAS100/xgboost_scaler.joblib: Duplicate object found in destination - ignoring
2026/07/26 00:22:04 NOTICE: app/ml_models/scalers/NZDUSD/lgbm_scaler.joblib: Duplicate object found in destination - ignoring
[2026-07-26_002001] BazaarNama gdrive backup done
[2026-07-26_012001] BazaarNama gdrive backup start
2026/07/26 01:22:53 NOTICE: app/ml_models/scalers/NAS100/xgboost_scaler.joblib: Duplicate object found in destination - ignoring
2026/07/26 01:22:53 NOTICE: app/ml_models/scalers/NZDUSD/lgbm_scaler.joblib: Duplicate object found in destination - ignoring
[2026-07-26_012001] BazaarNama gdrive backup done
[2026-07-26_022001] BazaarNama gdrive backup start
2026/07/26 02:23:46 NOTICE: app/ml_models/scalers/NAS100/lstm_scaler.joblib: Duplicate object found in destination - ignoring
2026/07/26 02:23:46 NOTICE: app/ml_models/scalers/NAS100/xgboost_scaler.joblib: Duplicate object found in destination - ignoring
[2026-07-26_022001] BazaarNama gdrive backup done
[2026-07-26_032001] BazaarNama gdrive backup start
2026/07/26 03:21:52 NOTICE: app/ml_models/scalers/NAS100/xgboost_scaler.joblib: Duplicate object found in destination - ignoring
2026/07/26 03:21:52 NOTICE: app/ml_models/scalers/NZDUSD/lgbm_scaler.joblib: Duplicate object found in destination - ignoring
[2026-07-26_032001] BazaarNama gdrive backup done
[2026-07-26_042001] BazaarNama gdrive backup start
2026/07/26 04:22:54 NOTICE: app/ml_models/scalers/NAS100/xgboost_scaler.joblib: Duplicate object found in destination - ignoring
2026/07/26 04:22:54 NOTICE: app/ml_models/scalers/NZDUSD/lgbm_scaler.joblib: Duplicate object found in destination - ignoring
[2026-07-26_042001] BazaarNama gdrive backup done
[2026-07-26_052001] BazaarNama gdrive backup start
2026/07/26 05:21:53 NOTICE: app/ml_models/scalers/NAS100/xgboost_scaler.joblib: Duplicate object found in destination - ignoring
2026/07/26 05:21:53 NOTICE: app/ml_models/scalers/NZDUSD/lgbm_scaler.joblib: Duplicate object found in destination - ignoring
[2026-07-26_052001] BazaarNama gdrive backup done
[2026-07-26_062001] BazaarNama gdrive backup start
2026/07/26 06:23:51 NOTICE: app/ml_models/scalers/NZDUSD/lgbm_scaler.joblib: Duplicate object found in destination - ignoring
2026/07/26 06:23:51 NOTICE: app/ml_models/scalers/NAS100/xgboost_scaler.joblib: Duplicate object found in destination - ignoring
[2026-07-26_062001] BazaarNama gdrive backup done
[2026-07-26_072001] BazaarNama gdrive backup start
2026/07/26 07:22:59 NOTICE: app/ml_models/scalers/NAS100/xgboost_scaler.joblib: Duplicate object found in destination - ignoring
2026/07/26 07:22:59 NOTICE: app/ml_models/scalers/NZDUSD/lgbm_scaler.joblib: Duplicate object found in destination - ignoring
[2026-07-26_072001] BazaarNama gdrive backup done
[2026-07-26_082001] BazaarNama gdrive backup start
2026/07/26 08:23:01 NOTICE: app/ml_models/scalers/NAS100/lstm_scaler.joblib: Duplicate object found in destination - ignoring
2026/07/26 08:23:01 NOTICE: app/ml_models/scalers/NAS100/xgboost_scaler.joblib: Duplicate object found in destination - ignoring
[2026-07-26_082001] BazaarNama gdrive backup done
[2026-07-26_092001] BazaarNama gdrive backup start
2026/07/26 09:22:57 NOTICE: app/ml_models/scalers/NAS100/xgboost_scaler.joblib: Duplicate object found in destination - ignoring
2026/07/26 09:22:57 NOTICE: app/ml_models/scalers/NZDUSD/lgbm_scaler.joblib: Duplicate object found in destination - ignoring
[2026-07-26_092001] BazaarNama gdrive backup done
[2026-07-26_102001] BazaarNama gdrive backup start
2026/07/26 10:24:02 NOTICE: app/ml_models/scalers/NAS100/xgboost_scaler.joblib: Duplicate object found in destination - ignoring
2026/07/26 10:24:02 NOTICE: app/ml_models/scalers/NZDUSD/lgbm_scaler.joblib: Duplicate object found in destination - ignoring
[2026-07-26_102001] BazaarNama gdrive backup done
[2026-07-26_112001] BazaarNama gdrive backup start
2026/07/26 11:22:56 NOTICE: app/ml_models/scalers/NAS100/lstm_scaler.joblib: Duplicate object found in destination - ignoring
2026/07/26 11:22:56 NOTICE: app/ml_models/scalers/NAS100/xgboost_scaler.joblib: Duplicate object found in destination - ignoring
[2026-07-26_112001] BazaarNama gdrive backup done
[2026-07-26_122001] BazaarNama gdrive backup start
2026/07/26 12:22:48 NOTICE: app/ml_models/scalers/NAS100/lstm_scaler.joblib: Duplicate object found in destination - ignoring
2026/07/26 12:22:48 NOTICE: app/ml_models/scalers/NAS100/xgboost_scaler.joblib: Duplicate object found in destination - ignoring
[2026-07-26_122001] BazaarNama gdrive backup done
[2026-07-26_132001] BazaarNama gdrive backup start
2026/07/26 13:22:38 NOTICE: app/ml_models/scalers/NAS100/xgboost_scaler.joblib: Duplicate object found in destination - ignoring
2026/07/26 13:22:38 NOTICE: app/ml_models/scalers/NZDUSD/lgbm_scaler.joblib: Duplicate object found in destination - ignoring
[2026-07-26_132001] BazaarNama gdrive backup done
[2026-07-26_142001] BazaarNama gdrive backup start
2026/07/26 14:22:46 NOTICE: app/ml_models/scalers/NAS100/xgboost_scaler.joblib: Duplicate object found in destination - ignoring
2026/07/26 14:22:46 NOTICE: app/ml_models/scalers/NZDUSD/lgbm_scaler.joblib: Duplicate object found in destination - ignoring
[2026-07-26_142001] BazaarNama gdrive backup done
[2026-07-26_152001] BazaarNama gdrive backup start
2026/07/26 15:23:03 NOTICE: app/ml_models/scalers/NAS100/xgboost_scaler.joblib: Duplicate object found in destination - ignoring
2026/07/26 15:23:03 NOTICE: app/ml_models/scalers/NZDUSD/lgbm_scaler.joblib: Duplicate object found in destination - ignoring
[2026-07-26_152001] BazaarNama gdrive backup done
[2026-07-26_162001] BazaarNama gdrive backup start
2026/07/26 16:23:02 NOTICE: app/ml_models/scalers/NAS100/xgboost_scaler.joblib: Duplicate object found in destination - ignoring
2026/07/26 16:23:02 NOTICE: app/ml_models/scalers/NZDUSD/lgbm_scaler.joblib: Duplicate object found in destination - ignoring
[2026-07-26_162001] BazaarNama gdrive backup done
[2026-07-26_172001] BazaarNama gdrive backup start
2026/07/26 17:23:08 NOTICE: app/ml_models/scalers/NAS100/lstm_scaler.joblib: Duplicate object found in destination - ignoring
2026/07/26 17:23:08 NOTICE: app/ml_models/scalers/NAS100/xgboost_scaler.joblib: Duplicate object found in destination - ignoring
[2026-07-26_172001] BazaarNama gdrive backup done
[2026-07-26_182001] BazaarNama gdrive backup start
2026/07/26 18:22:46 NOTICE: app/ml_models/scalers/NAS100/xgboost_scaler.joblib: Duplicate object found in destination - ignoring
2026/07/26 18:22:46 NOTICE: app/ml_models/scalers/NZDUSD/lgbm_scaler.joblib: Duplicate object found in destination - ignoring
[2026-07-26_182001] BazaarNama gdrive backup done
[2026-07-26_192001] BazaarNama gdrive backup start
2026/07/26 19:35:46 NOTICE: app/ml_models/scalers/NZDUSD/lgbm_scaler.joblib: Duplicate object found in destination - ignoring
2026/07/26 19:35:46 ERROR : Attempt 2/3 succeeded
[2026-07-26_192001] BazaarNama gdrive backup done
[2026-07-26_202001] BazaarNama gdrive backup start
2026/07/26 20:22:52 NOTICE: app/ml_models/scalers/NAS100/xgboost_scaler.joblib: Duplicate object found in destination - ignoring
2026/07/26 20:22:52 NOTICE: app/ml_models/scalers/NZDUSD/lgbm_scaler.joblib: Duplicate object found in destination - ignoring
[2026-07-26_202001] BazaarNama gdrive backup done
[2026-07-26_212001] BazaarNama gdrive backup start
2026/07/26 21:24:45 NOTICE: app/ml_models/scalers/NAS100/xgboost_scaler.joblib: Duplicate object found in destination - ignoring
2026/07/26 21:24:45 NOTICE: app/ml_models/scalers/NZDUSD/lgbm_scaler.joblib: Duplicate object found in destination - ignoring
[2026-07-26_212001] BazaarNama gdrive backup done
[2026-07-26_222001] BazaarNama gdrive backup start
2026/07/26 22:22:54 NOTICE: app/ml_models/scalers/NAS100/xgboost_scaler.joblib: Duplicate object found in destination - ignoring
2026/07/26 22:22:54 NOTICE: app/ml_models/scalers/NZDUSD/lgbm_scaler.joblib: Duplicate object found in destination - ignoring
[2026-07-26_222001] BazaarNama gdrive backup done
[2026-07-26_232001] BazaarNama gdrive backup start
2026/07/26 23:23:04 NOTICE: app/ml_models/scalers/NAS100/xgboost_scaler.joblib: Duplicate object found in destination - ignoring
2026/07/26 23:23:04 NOTICE: app/ml_models/scalers/NZDUSD/lgbm_scaler.joblib: Duplicate object found in destination - ignoring
[2026-07-26_232001] BazaarNama gdrive backup done
[2026-07-27_002001] BazaarNama gdrive backup start
2026/07/27 00:22:55 NOTICE: app/ml_models/scalers/NAS100/lstm_scaler.joblib: Duplicate object found in destination - ignoring
2026/07/27 00:22:55 NOTICE: app/ml_models/scalers/NAS100/xgboost_scaler.joblib: Duplicate object found in destination - ignoring
[2026-07-27_002001] BazaarNama gdrive backup done
[2026-07-27_012001] BazaarNama gdrive backup start
2026/07/27 01:23:02 NOTICE: app/ml_models/scalers/NAS100/lstm_scaler.joblib: Duplicate object found in destination - ignoring
2026/07/27 01:23:02 NOTICE: app/ml_models/scalers/NAS100/xgboost_scaler.joblib: Duplicate object found in destination - ignoring
[2026-07-27_012001] BazaarNama gdrive backup done
[2026-07-27_022001] BazaarNama gdrive backup start
2026/07/27 02:22:56 NOTICE: app/ml_models/scalers/NAS100/lstm_scaler.joblib: Duplicate object found in destination - ignoring
2026/07/27 02:22:56 NOTICE: app/ml_models/scalers/NAS100/xgboost_scaler.joblib: Duplicate object found in destination - ignoring
[2026-07-27_022001] BazaarNama gdrive backup done
[2026-07-27_032001] BazaarNama gdrive backup start
2026/07/27 03:24:51 NOTICE: app/ml_models/scalers/NAS100/lstm_scaler.joblib: Duplicate object found in destination - ignoring
2026/07/27 03:24:51 NOTICE: app/ml_models/scalers/NAS100/xgboost_scaler.joblib: Duplicate object found in destination - ignoring
[2026-07-27_032001] BazaarNama gdrive backup done
[2026-07-27_042002] BazaarNama gdrive backup start
2026/07/27 04:23:05 NOTICE: app/ml_models/scalers/NAS100/xgboost_scaler.joblib: Duplicate object found in destination - ignoring
2026/07/27 04:23:05 NOTICE: app/ml_models/scalers/NZDUSD/lgbm_scaler.joblib: Duplicate object found in destination - ignoring
[2026-07-27_042002] BazaarNama gdrive backup done
[2026-07-27_052001] BazaarNama gdrive backup start
2026/07/27 05:25:43 NOTICE: app/ml_models/scalers/NAS100/lstm_scaler.joblib: Duplicate object found in destination - ignoring
2026/07/27 05:25:43 NOTICE: app/ml_models/scalers/NAS100/xgboost_scaler.joblib: Duplicate object found in destination - ignoring
[2026-07-27_052001] BazaarNama gdrive backup done
[2026-07-27_062001] BazaarNama gdrive backup start
2026/07/27 06:22:52 NOTICE: app/ml_models/scalers/NAS100/lstm_scaler.joblib: Duplicate object found in destination - ignoring
2026/07/27 06:22:52 NOTICE: app/ml_models/scalers/NAS100/xgboost_scaler.joblib: Duplicate object found in destination - ignoring
[2026-07-27_062001] BazaarNama gdrive backup done
[2026-07-27_072001] BazaarNama gdrive backup start
2026/07/27 07:22:02 NOTICE: app/ml_models/scalers/NAS100/xgboost_scaler.joblib: Duplicate object found in destination - ignoring
2026/07/27 07:22:02 NOTICE: app/ml_models/scalers/NZDUSD/lgbm_scaler.joblib: Duplicate object found in destination - ignoring
[2026-07-27_072001] BazaarNama gdrive backup done
[2026-07-27_082001] BazaarNama gdrive backup start
2026/07/27 08:22:07 NOTICE: app/ml_models/scalers/NAS100/lstm_scaler.joblib: Duplicate object found in destination - ignoring
2026/07/27 08:22:07 NOTICE: app/ml_models/scalers/NAS100/xgboost_scaler.joblib: Duplicate object found in destination - ignoring
[2026-07-27_082001] BazaarNama gdrive backup done
[2026-07-27_092001] BazaarNama gdrive backup start
2026/07/27 09:24:55 NOTICE: app/ml_models/scalers/NAS100/lstm_scaler.joblib: Duplicate object found in destination - ignoring
2026/07/27 09:24:55 NOTICE: app/ml_models/scalers/NAS100/xgboost_scaler.joblib: Duplicate object found in destination - ignoring
[2026-07-27_092001] BazaarNama gdrive backup done
[2026-07-27_102001] BazaarNama gdrive backup start
2026/07/27 10:23:00 NOTICE: app/ml_models/scalers/NAS100/xgboost_scaler.joblib: Duplicate object found in destination - ignoring
2026/07/27 10:23:00 NOTICE: app/ml_models/scalers/NZDUSD/lgbm_scaler.joblib: Duplicate object found in destination - ignoring
[2026-07-27_102001] BazaarNama gdrive backup done
[2026-07-27_112001] BazaarNama gdrive backup start
2026/07/27 11:21:34 NOTICE: app/ml_models/scalers/NAS100/xgboost_scaler.joblib: Duplicate object found in destination - ignoring
2026/07/27 11:21:34 NOTICE: app/ml_models/scalers/NZDUSD/lgbm_scaler.joblib: Duplicate object found in destination - ignoring
[2026-07-27_112001] BazaarNama gdrive backup done
[2026-07-27_122001] BazaarNama gdrive backup start
2026/07/27 12:22:58 NOTICE: app/ml_models/scalers/NAS100/xgboost_scaler.joblib: Duplicate object found in destination - ignoring
2026/07/27 12:22:58 NOTICE: app/ml_models/scalers/NZDUSD/lgbm_scaler.joblib: Duplicate object found in destination - ignoring
[2026-07-27_122001] BazaarNama gdrive backup done
[2026-07-27_132001] BazaarNama gdrive backup start
2026/07/27 13:22:56 NOTICE: app/ml_models/scalers/NAS100/lstm_scaler.joblib: Duplicate object found in destination - ignoring
2026/07/27 13:22:56 NOTICE: app/ml_models/scalers/NAS100/xgboost_scaler.joblib: Duplicate object found in destination - ignoring
2026/07/27 13:25:52 ERROR : Attempt 2/3 succeeded
[2026-07-27_132001] BazaarNama gdrive backup done
[2026-07-27_142001] BazaarNama gdrive backup start
2026/07/27 14:22:45 NOTICE: app/ml_models/scalers/NAS100/xgboost_scaler.joblib: Duplicate object found in destination - ignoring
2026/07/27 14:22:45 NOTICE: app/ml_models/scalers/NZDUSD/lgbm_scaler.joblib: Duplicate object found in destination - ignoring
[2026-07-27_142001] BazaarNama gdrive backup done
[2026-07-27_152001] BazaarNama gdrive backup start
2026/07/27 15:23:00 NOTICE: app/ml_models/scalers/NAS100/xgboost_scaler.joblib: Duplicate object found in destination - ignoring
2026/07/27 15:23:00 NOTICE: app/ml_models/scalers/NZDUSD/lgbm_scaler.joblib: Duplicate object found in destination - ignoring
[2026-07-27_152001] BazaarNama gdrive backup done
[2026-07-27_162001] BazaarNama gdrive backup start
2026/07/27 16:22:02 NOTICE: app/ml_models/scalers/NAS100/xgboost_scaler.joblib: Duplicate object found in destination - ignoring
2026/07/27 16:22:02 NOTICE: app/ml_models/scalers/NZDUSD/lgbm_scaler.joblib: Duplicate object found in destination - ignoring
[2026-07-27_162001] BazaarNama gdrive backup done
[2026-07-27_172001] BazaarNama gdrive backup start
2026/07/27 17:22:56 NOTICE: app/ml_models/scalers/NAS100/xgboost_scaler.joblib: Duplicate object found in destination - ignoring
2026/07/27 17:22:56 NOTICE: app/ml_models/scalers/NZDUSD/lgbm_scaler.joblib: Duplicate object found in destination - ignoring
2026/07/27 17:24:37 ERROR : Attempt 2/3 succeeded
[2026-07-27_172001] BazaarNama gdrive backup done
[2026-07-27_182001] BazaarNama gdrive backup start
2026/07/27 18:22:55 NOTICE: app/ml_models/scalers/NZDUSD/lgbm_scaler.joblib: Duplicate object found in destination - ignoring
2026/07/27 18:22:55 NOTICE: app/ml_models/scalers/NAS100/xgboost_scaler.joblib: Duplicate object found in destination - ignoring
[2026-07-27_182001] BazaarNama gdrive backup done
[2026-07-27_192001] BazaarNama gdrive backup start
2026/07/27 19:23:01 NOTICE: app/ml_models/scalers/NAS100/xgboost_scaler.joblib: Duplicate object found in destination - ignoring
2026/07/27 19:23:01 NOTICE: app/ml_models/scalers/NZDUSD/lgbm_scaler.joblib: Duplicate object found in destination - ignoring
[2026-07-27_192001] BazaarNama gdrive backup done
[2026-07-27_202001] BazaarNama gdrive backup start
2026/07/27 20:24:06 NOTICE: app/ml_models/scalers/NAS100/xgboost_scaler.joblib: Duplicate object found in destination - ignoring
2026/07/27 20:24:06 NOTICE: app/ml_models/scalers/NZDUSD/lgbm_scaler.joblib: Duplicate object found in destination - ignoring
[2026-07-27_202001] BazaarNama gdrive backup done
[2026-07-27_212001] BazaarNama gdrive backup start
2026/07/27 21:23:03 NOTICE: app/ml_models/scalers/NAS100/lstm_scaler.joblib: Duplicate object found in destination - ignoring
2026/07/27 21:23:03 NOTICE: app/ml_models/scalers/NAS100/xgboost_scaler.joblib: Duplicate object found in destination - ignoring
[2026-07-27_212001] BazaarNama gdrive backup done
[2026-07-27_222001] BazaarNama gdrive backup start
2026/07/27 22:23:01 NOTICE: app/ml_models/scalers/NAS100/lstm_scaler.joblib: Duplicate object found in destination - ignoring
2026/07/27 22:23:01 NOTICE: app/ml_models/scalers/NAS100/xgboost_scaler.joblib: Duplicate object found in destination - ignoring
[2026-07-27_222001] BazaarNama gdrive backup done
[2026-07-27_232001] BazaarNama gdrive backup start
2026/07/27 23:22:46 NOTICE: app/ml_models/scalers/NAS100/lstm_scaler.joblib: Duplicate object found in destination - ignoring
2026/07/27 23:22:46 NOTICE: app/ml_models/scalers/NAS100/xgboost_scaler.joblib: Duplicate object found in destination - ignoring
[2026-07-27_232001] BazaarNama gdrive backup done
[2026-07-28_002001] BazaarNama gdrive backup start
2026/07/28 00:22:57 NOTICE: app/ml_models/scalers/NAS100/xgboost_scaler.joblib: Duplicate object found in destination - ignoring
2026/07/28 00:22:57 NOTICE: app/ml_models/scalers/NZDUSD/lgbm_scaler.joblib: Duplicate object found in destination - ignoring
[2026-07-28_002001] BazaarNama gdrive backup done
[2026-07-28_012001] BazaarNama gdrive backup start
2026/07/28 01:26:01 NOTICE: app/ml_models/scalers/NAS100/xgboost_scaler.joblib: Duplicate object found in destination - ignoring
2026/07/28 01:26:01 NOTICE: app/ml_models/scalers/NZDUSD/lgbm_scaler.joblib: Duplicate object found in destination - ignoring
[2026-07-28_012001] BazaarNama gdrive backup done
[2026-07-28_022001] BazaarNama gdrive backup start
2026/07/28 02:22:54 NOTICE: app/ml_models/scalers/NAS100/xgboost_scaler.joblib: Duplicate object found in destination - ignoring
2026/07/28 02:22:54 NOTICE: app/ml_models/scalers/NZDUSD/lgbm_scaler.joblib: Duplicate object found in destination - ignoring
[2026-07-28_022001] BazaarNama gdrive backup done
[2026-07-28_032001] BazaarNama gdrive backup start
2026/07/28 03:22:53 NOTICE: app/ml_models/scalers/NAS100/xgboost_scaler.joblib: Duplicate object found in destination - ignoring
2026/07/28 03:22:53 NOTICE: app/ml_models/scalers/NZDUSD/lgbm_scaler.joblib: Duplicate object found in destination - ignoring
[2026-07-28_032001] BazaarNama gdrive backup done
[2026-07-28_042001] BazaarNama gdrive backup start
2026/07/28 04:25:52 NOTICE: app/ml_models/scalers/NZDUSD/lgbm_scaler.joblib: Duplicate object found in destination - ignoring
2026/07/28 04:25:52 NOTICE: app/ml_models/scalers/NAS100/xgboost_scaler.joblib: Duplicate object found in destination - ignoring
[2026-07-28_042001] BazaarNama gdrive backup done
[2026-07-28_052001] BazaarNama gdrive backup start
2026/07/28 05:22:58 NOTICE: app/ml_models/scalers/NAS100/xgboost_scaler.joblib: Duplicate object found in destination - ignoring
2026/07/28 05:22:58 NOTICE: app/ml_models/scalers/NZDUSD/lgbm_scaler.joblib: Duplicate object found in destination - ignoring
[2026-07-28_052001] BazaarNama gdrive backup done
[2026-07-28_062001] BazaarNama gdrive backup start
2026/07/28 06:22:54 NOTICE: app/ml_models/scalers/NAS100/xgboost_scaler.joblib: Duplicate object found in destination - ignoring
2026/07/28 06:22:54 NOTICE: app/ml_models/scalers/NZDUSD/lgbm_scaler.joblib: Duplicate object found in destination - ignoring
[2026-07-28_062001] BazaarNama gdrive backup done
[2026-07-28_072001] BazaarNama gdrive backup start
2026/07/28 07:23:52 NOTICE: app/ml_models/scalers/NAS100/xgboost_scaler.joblib: Duplicate object found in destination - ignoring
2026/07/28 07:23:52 NOTICE: app/ml_models/scalers/NZDUSD/lgbm_scaler.joblib: Duplicate object found in destination - ignoring
[2026-07-28_072001] BazaarNama gdrive backup done
[2026-07-28_082002] BazaarNama gdrive backup start
2026/07/28 08:23:03 NOTICE: app/ml_models/scalers/NAS100/lstm_scaler.joblib: Duplicate object found in destination - ignoring
2026/07/28 08:23:03 NOTICE: app/ml_models/scalers/NAS100/xgboost_scaler.joblib: Duplicate object found in destination - ignoring
[2026-07-28_082002] BazaarNama gdrive backup done
[2026-07-28_092001] BazaarNama gdrive backup start
2026/07/28 09:23:43 NOTICE: app/ml_models/scalers/NAS100/xgboost_scaler.joblib: Duplicate object found in destination - ignoring
2026/07/28 09:23:43 NOTICE: app/ml_models/scalers/NZDUSD/lgbm_scaler.joblib: Duplicate object found in destination - ignoring
[2026-07-28_092001] BazaarNama gdrive backup done
[2026-07-28_102001] BazaarNama gdrive backup start
2026/07/28 10:22:51 NOTICE: app/ml_models/scalers/NAS100/lstm_scaler.joblib: Duplicate object found in destination - ignoring
2026/07/28 10:22:51 NOTICE: app/ml_models/scalers/NAS100/xgboost_scaler.joblib: Duplicate object found in destination - ignoring
[2026-07-28_102001] BazaarNama gdrive backup done
[2026-07-28_112001] BazaarNama gdrive backup start
2026/07/28 11:22:52 NOTICE: app/ml_models/scalers/NAS100/xgboost_scaler.joblib: Duplicate object found in destination - ignoring
2026/07/28 11:22:52 NOTICE: app/ml_models/scalers/NZDUSD/lgbm_scaler.joblib: Duplicate object found in destination - ignoring
[2026-07-28_112001] BazaarNama gdrive backup done
[2026-07-28_122001] BazaarNama gdrive backup start
2026/07/28 12:22:59 NOTICE: app/ml_models/scalers/NAS100/xgboost_scaler.joblib: Duplicate object found in destination - ignoring
2026/07/28 12:22:59 NOTICE: app/ml_models/scalers/NZDUSD/lgbm_scaler.joblib: Duplicate object found in destination - ignoring
[2026-07-28_122001] BazaarNama gdrive backup done
[2026-07-28_132001] BazaarNama gdrive backup start
2026/07/28 13:24:07 NOTICE: app/ml_models/scalers/NAS100/lstm_scaler.joblib: Duplicate object found in destination - ignoring
2026/07/28 13:24:07 NOTICE: app/ml_models/scalers/NAS100/xgboost_scaler.joblib: Duplicate object found in destination - ignoring
[2026-07-28_132001] BazaarNama gdrive backup done
[2026-07-28_142001] BazaarNama gdrive backup start
2026/07/28 14:23:02 NOTICE: app/ml_models/scalers/NAS100/xgboost_scaler.joblib: Duplicate object found in destination - ignoring
2026/07/28 14:23:02 NOTICE: app/ml_models/scalers/NZDUSD/lgbm_scaler.joblib: Duplicate object found in destination - ignoring
[2026-07-28_142001] BazaarNama gdrive backup done
[2026-07-28_152001] BazaarNama gdrive backup start
2026/07/28 15:22:43 NOTICE: app/ml_models/scalers/NAS100/xgboost_scaler.joblib: Duplicate object found in destination - ignoring
2026/07/28 15:22:43 NOTICE: app/ml_models/scalers/NZDUSD/lgbm_scaler.joblib: Duplicate object found in destination - ignoring
[2026-07-28_152001] BazaarNama gdrive backup done
[2026-07-28_162001] BazaarNama gdrive backup start
2026/07/28 16:22:58 NOTICE: app/ml_models/scalers/NAS100/xgboost_scaler.joblib: Duplicate object found in destination - ignoring
2026/07/28 16:22:58 NOTICE: app/ml_models/scalers/NZDUSD/lgbm_scaler.joblib: Duplicate object found in destination - ignoring
[2026-07-28_162001] BazaarNama gdrive backup done
[2026-07-28_172001] BazaarNama gdrive backup start
2026/07/28 17:21:53 NOTICE: app/ml_models/scalers/NAS100/xgboost_scaler.joblib: Duplicate object found in destination - ignoring
2026/07/28 17:21:53 NOTICE: app/ml_models/scalers/NZDUSD/lgbm_scaler.joblib: Duplicate object found in destination - ignoring
[2026-07-28_172001] BazaarNama gdrive backup done
[2026-07-28_182001] BazaarNama gdrive backup start
2026/07/28 18:22:52 NOTICE: app/ml_models/scalers/NAS100/xgboost_scaler.joblib: Duplicate object found in destination - ignoring
2026/07/28 18:22:52 NOTICE: app/ml_models/scalers/NZDUSD/lgbm_scaler.joblib: Duplicate object found in destination - ignoring
[2026-07-28_182001] BazaarNama gdrive backup done
[2026-07-28_192001] BazaarNama gdrive backup start
2026/07/28 19:22:51 NOTICE: app/ml_models/scalers/NAS100/xgboost_scaler.joblib: Duplicate object found in destination - ignoring
2026/07/28 19:22:51 NOTICE: app/ml_models/scalers/NZDUSD/lgbm_scaler.joblib: Duplicate object found in destination - ignoring
[2026-07-28_192001] BazaarNama gdrive backup done
[2026-07-28_202001] BazaarNama gdrive backup start
2026/07/28 20:25:40 NOTICE: app/ml_models/scalers/NAS100/lstm_scaler.joblib: Duplicate object found in destination - ignoring
2026/07/28 20:25:40 NOTICE: app/ml_models/scalers/NAS100/xgboost_scaler.joblib: Duplicate object found in destination - ignoring
[2026-07-28_202001] BazaarNama gdrive backup done
[2026-07-28_212001] BazaarNama gdrive backup start
2026/07/28 21:23:15 NOTICE: app/ml_models/scalers/NAS100/xgboost_scaler.joblib: Duplicate object found in destination - ignoring
2026/07/28 21:23:15 NOTICE: app/ml_models/scalers/NZDUSD/lgbm_scaler.joblib: Duplicate object found in destination - ignoring
[2026-07-28_212001] BazaarNama gdrive backup done
[2026-07-28_222001] BazaarNama gdrive backup start
2026/07/28 22:24:02 NOTICE: app/ml_models/scalers/NAS100/xgboost_scaler.joblib: Duplicate object found in destination - ignoring
2026/07/28 22:24:02 NOTICE: app/ml_models/scalers/NZDUSD/lgbm_scaler.joblib: Duplicate object found in destination - ignoring
[2026-07-28_222001] BazaarNama gdrive backup done
[2026-07-28_232001] BazaarNama gdrive backup start
2026/07/28 23:22:05 NOTICE: app/ml_models/scalers/NAS100/lstm_scaler.joblib: Duplicate object found in destination - ignoring
2026/07/28 23:22:05 NOTICE: app/ml_models/scalers/NAS100/xgboost_scaler.joblib: Duplicate object found in destination - ignoring
[2026-07-28_232001] BazaarNama gdrive backup done
[2026-07-29_002001] BazaarNama gdrive backup start
2026/07/29 00:23:00 NOTICE: app/ml_models/scalers/NAS100/xgboost_scaler.joblib: Duplicate object found in destination - ignoring
2026/07/29 00:23:00 NOTICE: app/ml_models/scalers/NZDUSD/lgbm_scaler.joblib: Duplicate object found in destination - ignoring
[2026-07-29_002001] BazaarNama gdrive backup done
[2026-07-29_012001] BazaarNama gdrive backup start
2026/07/29 01:22:59 NOTICE: app/ml_models/scalers/NAS100/xgboost_scaler.joblib: Duplicate object found in destination - ignoring
2026/07/29 01:22:59 NOTICE: app/ml_models/scalers/NZDUSD/lgbm_scaler.joblib: Duplicate object found in destination - ignoring
[2026-07-29_012001] BazaarNama gdrive backup done
[2026-07-29_022001] BazaarNama gdrive backup start
2026/07/29 02:22:52 NOTICE: app/ml_models/scalers/NAS100/lstm_scaler.joblib: Duplicate object found in destination - ignoring
2026/07/29 02:22:52 NOTICE: app/ml_models/scalers/NAS100/xgboost_scaler.joblib: Duplicate object found in destination - ignoring
[2026-07-29_022001] BazaarNama gdrive backup done
[2026-07-29_032001] BazaarNama gdrive backup start
2026/07/29 03:23:05 NOTICE: app/ml_models/scalers/NAS100/xgboost_scaler.joblib: Duplicate object found in destination - ignoring
2026/07/29 03:23:05 NOTICE: app/ml_models/scalers/NZDUSD/lgbm_scaler.joblib: Duplicate object found in destination - ignoring
[2026-07-29_032001] BazaarNama gdrive backup done
[2026-07-29_042001] BazaarNama gdrive backup start
2026/07/29 04:22:58 NOTICE: app/ml_models/scalers/NAS100/xgboost_scaler.joblib: Duplicate object found in destination - ignoring
2026/07/29 04:22:58 NOTICE: app/ml_models/scalers/NZDUSD/lgbm_scaler.joblib: Duplicate object found in destination - ignoring
[2026-07-29_042001] BazaarNama gdrive backup done
[2026-07-29_052001] BazaarNama gdrive backup start
2026/07/29 05:23:59 NOTICE: app/ml_models/scalers/NAS100/lstm_scaler.joblib: Duplicate object found in destination - ignoring
2026/07/29 05:23:59 NOTICE: app/ml_models/scalers/NAS100/xgboost_scaler.joblib: Duplicate object found in destination - ignoring
[2026-07-29_052001] BazaarNama gdrive backup done
[2026-07-29_062001] BazaarNama gdrive backup start
2026/07/29 06:23:01 NOTICE: app/ml_models/scalers/NAS100/xgboost_scaler.joblib: Duplicate object found in destination - ignoring
2026/07/29 06:23:01 NOTICE: app/ml_models/scalers/NZDUSD/lgbm_scaler.joblib: Duplicate object found in destination - ignoring
[2026-07-29_062001] BazaarNama gdrive backup done
[2026-07-29_072001] BazaarNama gdrive backup start
2026/07/29 07:22:54 NOTICE: app/ml_models/scalers/NAS100/lstm_scaler.joblib: Duplicate object found in destination - ignoring
2026/07/29 07:22:54 NOTICE: app/ml_models/scalers/NAS100/xgboost_scaler.joblib: Duplicate object found in destination - ignoring
[2026-07-29_072001] BazaarNama gdrive backup done
[2026-07-29_082001] BazaarNama gdrive backup start
2026/07/29 08:23:09 NOTICE: app/ml_models/scalers/NAS100/xgboost_scaler.joblib: Duplicate object found in destination - ignoring
2026/07/29 08:23:09 NOTICE: app/ml_models/scalers/NZDUSD/lgbm_scaler.joblib: Duplicate object found in destination - ignoring
[2026-07-29_082001] BazaarNama gdrive backup done
[2026-07-29_092001] BazaarNama gdrive backup start
2026/07/29 09:23:03 NOTICE: app/ml_models/scalers/NZDUSD/lgbm_scaler.joblib: Duplicate object found in destination - ignoring
2026/07/29 09:23:03 NOTICE: app/ml_models/scalers/NAS100/xgboost_scaler.joblib: Duplicate object found in destination - ignoring
[2026-07-29_092001] BazaarNama gdrive backup done
[2026-07-29_102001] BazaarNama gdrive backup start
2026/07/29 10:22:56 NOTICE: app/ml_models/scalers/NAS100/lstm_scaler.joblib: Duplicate object found in destination - ignoring
2026/07/29 10:22:56 NOTICE: app/ml_models/scalers/NAS100/xgboost_scaler.joblib: Duplicate object found in destination - ignoring
[2026-07-29_102001] BazaarNama gdrive backup done
[2026-07-29_112001] BazaarNama gdrive backup start
2026/07/29 11:22:54 NOTICE: app/ml_models/scalers/NAS100/xgboost_scaler.joblib: Duplicate object found in destination - ignoring
2026/07/29 11:22:54 NOTICE: app/ml_models/scalers/NZDUSD/lgbm_scaler.joblib: Duplicate object found in destination - ignoring
[2026-07-29_112001] BazaarNama gdrive backup done
[2026-07-29_122001] BazaarNama gdrive backup start
2026/07/29 12:22:58 NOTICE: app/ml_models/scalers/NAS100/xgboost_scaler.joblib: Duplicate object found in destination - ignoring
2026/07/29 12:22:58 NOTICE: app/ml_models/scalers/NZDUSD/lgbm_scaler.joblib: Duplicate object found in destination - ignoring
[2026-07-29_122001] BazaarNama gdrive backup done
[2026-07-29_132001] BazaarNama gdrive backup start
2026/07/29 13:23:01 NOTICE: app/ml_models/scalers/NZDUSD/lgbm_scaler.joblib: Duplicate object found in destination - ignoring
2026/07/29 13:23:01 NOTICE: app/ml_models/scalers/NAS100/xgboost_scaler.joblib: Duplicate object found in destination - ignoring
[2026-07-29_132001] BazaarNama gdrive backup done
[2026-07-29_142001] BazaarNama gdrive backup start
2026/07/29 14:22:31 NOTICE: app/ml_models/scalers/NAS100/lstm_scaler.joblib: Duplicate object found in destination - ignoring
2026/07/29 14:22:31 NOTICE: app/ml_models/scalers/NAS100/xgboost_scaler.joblib: Duplicate object found in destination - ignoring
[2026-07-29_142001] BazaarNama gdrive backup done
[2026-07-29_152001] BazaarNama gdrive backup start
2026/07/29 15:22:55 NOTICE: app/ml_models/scalers/NAS100/lstm_scaler.joblib: Duplicate object found in destination - ignoring
2026/07/29 15:22:55 NOTICE: app/ml_models/scalers/NAS100/xgboost_scaler.joblib: Duplicate object found in destination - ignoring
[2026-07-29_152001] BazaarNama gdrive backup done
[2026-07-29_162001] BazaarNama gdrive backup start
2026/07/29 16:23:00 NOTICE: app/ml_models/scalers/NAS100/xgboost_scaler.joblib: Duplicate object found in destination - ignoring
2026/07/29 16:23:00 NOTICE: app/ml_models/scalers/NZDUSD/lgbm_scaler.joblib: Duplicate object found in destination - ignoring
[2026-07-29_162001] BazaarNama gdrive backup done
[2026-07-29_172001] BazaarNama gdrive backup start
2026/07/29 17:22:57 NOTICE: app/ml_models/scalers/NAS100/xgboost_scaler.joblib: Duplicate object found in destination - ignoring
2026/07/29 17:22:57 NOTICE: app/ml_models/scalers/NZDUSD/lgbm_scaler.joblib: Duplicate object found in destination - ignoring
[2026-07-29_172001] BazaarNama gdrive backup done
[2026-07-29_182001] BazaarNama gdrive backup start
2026/07/29 18:22:52 NOTICE: app/ml_models/scalers/NAS100/xgboost_scaler.joblib: Duplicate object found in destination - ignoring
2026/07/29 18:22:52 NOTICE: app/ml_models/scalers/NZDUSD/lgbm_scaler.joblib: Duplicate object found in destination - ignoring
[2026-07-29_182001] BazaarNama gdrive backup done
[2026-07-29_192001] BazaarNama gdrive backup start
2026/07/29 19:22:53 NOTICE: app/ml_models/scalers/NAS100/xgboost_scaler.joblib: Duplicate object found in destination - ignoring
2026/07/29 19:22:53 NOTICE: app/ml_models/scalers/NZDUSD/lgbm_scaler.joblib: Duplicate object found in destination - ignoring
[2026-07-29_192001] BazaarNama gdrive backup done
[2026-07-29_202001] BazaarNama gdrive backup start
2026/07/29 20:22:13 NOTICE: app/ml_models/scalers/NAS100/xgboost_scaler.joblib: Duplicate object found in destination - ignoring
2026/07/29 20:22:13 NOTICE: app/ml_models/scalers/NZDUSD/lgbm_scaler.joblib: Duplicate object found in destination - ignoring
[2026-07-29_202001] BazaarNama gdrive backup done
[2026-07-29_212001] BazaarNama gdrive backup start
2026/07/29 21:23:09 NOTICE: app/ml_models/scalers/NAS100/xgboost_scaler.joblib: Duplicate object found in destination - ignoring
2026/07/29 21:23:09 NOTICE: app/ml_models/scalers/NZDUSD/lgbm_scaler.joblib: Duplicate object found in destination - ignoring
[2026-07-29_212001] BazaarNama gdrive backup done
[2026-07-29_222001] BazaarNama gdrive backup start
2026/07/29 22:21:56 NOTICE: app/ml_models/scalers/NAS100/xgboost_scaler.joblib: Duplicate object found in destination - ignoring
2026/07/29 22:21:56 NOTICE: app/ml_models/scalers/NZDUSD/lgbm_scaler.joblib: Duplicate object found in destination - ignoring
[2026-07-29_222001] BazaarNama gdrive backup done
[2026-07-29_232001] BazaarNama gdrive backup start
2026/07/29 23:22:54 NOTICE: app/ml_models/scalers/NAS100/lstm_scaler.joblib: Duplicate object found in destination - ignoring
2026/07/29 23:22:54 NOTICE: app/ml_models/scalers/NAS100/xgboost_scaler.joblib: Duplicate object found in destination - ignoring
[2026-07-29_232001] BazaarNama gdrive backup done
[2026-07-30_002001] BazaarNama gdrive backup start
2026/07/30 00:22:51 NOTICE: app/ml_models/scalers/NAS100/xgboost_scaler.joblib: Duplicate object found in destination - ignoring
2026/07/30 00:22:51 NOTICE: app/ml_models/scalers/NZDUSD/lgbm_scaler.joblib: Duplicate object found in destination - ignoring
[2026-07-30_002001] BazaarNama gdrive backup done
[2026-07-30_012001] BazaarNama gdrive backup start
2026/07/30 01:22:56 NOTICE: app/ml_models/scalers/NAS100/xgboost_scaler.joblib: Duplicate object found in destination - ignoring
2026/07/30 01:22:56 NOTICE: app/ml_models/scalers/NZDUSD/lgbm_scaler.joblib: Duplicate object found in destination - ignoring
[2026-07-30_012001] BazaarNama gdrive backup done
[2026-07-30_022001] BazaarNama gdrive backup start
2026/07/30 02:23:38 NOTICE: app/ml_models/scalers/NAS100/xgboost_scaler.joblib: Duplicate object found in destination - ignoring
2026/07/30 02:23:38 NOTICE: app/ml_models/scalers/NZDUSD/lgbm_scaler.joblib: Duplicate object found in destination - ignoring
[2026-07-30_022001] BazaarNama gdrive backup done
[2026-07-30_032001] BazaarNama gdrive backup start
2026/07/30 03:22:53 NOTICE: app/ml_models/scalers/NAS100/xgboost_scaler.joblib: Duplicate object found in destination - ignoring
2026/07/30 03:22:53 NOTICE: app/ml_models/scalers/NZDUSD/lgbm_scaler.joblib: Duplicate object found in destination - ignoring
[2026-07-30_032001] BazaarNama gdrive backup done
[2026-07-30_042001] BazaarNama gdrive backup start
2026/07/30 04:22:54 NOTICE: app/ml_models/scalers/NAS100/xgboost_scaler.joblib: Duplicate object found in destination - ignoring
2026/07/30 04:22:54 NOTICE: app/ml_models/scalers/NZDUSD/lgbm_scaler.joblib: Duplicate object found in destination - ignoring
2026/07/30 04:24:33 ERROR : Attempt 2/3 succeeded
[2026-07-30_042001] BazaarNama gdrive backup done
[2026-07-30_052001] BazaarNama gdrive backup start
2026/07/30 05:22:59 NOTICE: app/ml_models/scalers/NAS100/xgboost_scaler.joblib: Duplicate object found in destination - ignoring
2026/07/30 05:22:59 NOTICE: app/ml_models/scalers/NZDUSD/lgbm_scaler.joblib: Duplicate object found in destination - ignoring
[2026-07-30_052001] BazaarNama gdrive backup done
[2026-07-30_062001] BazaarNama gdrive backup start
2026/07/30 06:22:56 NOTICE: app/ml_models/scalers/NAS100/lstm_scaler.joblib: Duplicate object found in destination - ignoring
2026/07/30 06:22:56 NOTICE: app/ml_models/scalers/NAS100/xgboost_scaler.joblib: Duplicate object found in destination - ignoring
[2026-07-30_062001] BazaarNama gdrive backup done
[2026-07-30_072001] BazaarNama gdrive backup start
2026/07/30 07:22:58 NOTICE: app/ml_models/scalers/NAS100/lstm_scaler.joblib: Duplicate object found in destination - ignoring
2026/07/30 07:22:58 NOTICE: app/ml_models/scalers/NAS100/xgboost_scaler.joblib: Duplicate object found in destination - ignoring
[2026-07-30_072001] BazaarNama gdrive backup done
[2026-07-30_082001] BazaarNama gdrive backup start
2026/07/30 08:23:48 NOTICE: app/ml_models/scalers/NAS100/xgboost_scaler.joblib: Duplicate object found in destination - ignoring
2026/07/30 08:23:48 NOTICE: app/ml_models/scalers/NZDUSD/lgbm_scaler.joblib: Duplicate object found in destination - ignoring
[2026-07-30_082001] BazaarNama gdrive backup done
[2026-07-30_092001] BazaarNama gdrive backup start
2026/07/30 09:21:50 NOTICE: app/ml_models/scalers/NAS100/lstm_scaler.joblib: Duplicate object found in destination - ignoring
2026/07/30 09:21:50 NOTICE: app/ml_models/scalers/NAS100/xgboost_scaler.joblib: Duplicate object found in destination - ignoring
[2026-07-30_092001] BazaarNama gdrive backup done
[2026-07-30_102001] BazaarNama gdrive backup start
2026/07/30 10:23:58 NOTICE: app/ml_models/scalers/NAS100/xgboost_scaler.joblib: Duplicate object found in destination - ignoring
2026/07/30 10:23:58 NOTICE: app/ml_models/scalers/NZDUSD/lgbm_scaler.joblib: Duplicate object found in destination - ignoring
[2026-07-30_102001] BazaarNama gdrive backup done
[2026-07-30_112001] BazaarNama gdrive backup start
2026/07/30 11:26:37 NOTICE: app/ml_models/scalers/NAS100/xgboost_scaler.joblib: Duplicate object found in destination - ignoring
2026/07/30 11:26:41 ERROR : Attempt 2/3 succeeded
[2026-07-30_112001] BazaarNama gdrive backup done
[2026-07-30_122001] BazaarNama gdrive backup start
2026/07/30 12:29:54 NOTICE: app/ml_models/scalers/NZDUSD/lgbm_scaler.joblib: Duplicate object found in destination - ignoring
2026/07/30 12:35:56 ERROR : Attempt 2/3 succeeded
[2026-07-30_122001] BazaarNama gdrive backup done
[2026-07-30_132001] BazaarNama gdrive backup start
2026/07/30 13:21:54 NOTICE: app/ml_models/scalers/NAS100/lstm_scaler.joblib: Duplicate object found in destination - ignoring
2026/07/30 13:21:54 NOTICE: app/ml_models/scalers/NAS100/xgboost_scaler.joblib: Duplicate object found in destination - ignoring
[2026-07-30_132001] BazaarNama gdrive backup done
[2026-07-30_142001] BazaarNama gdrive backup start
2026/07/30 14:24:55 NOTICE: app/ml_models/scalers/NAS100/xgboost_scaler.joblib: Duplicate object found in destination - ignoring
2026/07/30 14:24:55 NOTICE: app/ml_models/scalers/NZDUSD/lgbm_scaler.joblib: Duplicate object found in destination - ignoring
[2026-07-30_142001] BazaarNama gdrive backup done
[2026-07-30_152001] BazaarNama gdrive backup start
2026/07/30 15:22:56 NOTICE: app/ml_models/scalers/NAS100/xgboost_scaler.joblib: Duplicate object found in destination - ignoring
2026/07/30 15:22:56 NOTICE: app/ml_models/scalers/NZDUSD/lgbm_scaler.joblib: Duplicate object found in destination - ignoring
[2026-07-30_152001] BazaarNama gdrive backup done
[2026-07-30_162001] BazaarNama gdrive backup start
2026/07/30 16:22:56 NOTICE: app/ml_models/scalers/NAS100/xgboost_scaler.joblib: Duplicate object found in destination - ignoring
2026/07/30 16:22:56 NOTICE: app/ml_models/scalers/NZDUSD/lgbm_scaler.joblib: Duplicate object found in destination - ignoring
[2026-07-30_162001] BazaarNama gdrive backup done
[2026-07-30_172001] BazaarNama gdrive backup start
2026/07/30 17:22:48 NOTICE: app/ml_models/scalers/NAS100/xgboost_scaler.joblib: Duplicate object found in destination - ignoring
2026/07/30 17:22:48 NOTICE: app/ml_models/scalers/NZDUSD/lgbm_scaler.joblib: Duplicate object found in destination - ignoring
[2026-07-30_172001] BazaarNama gdrive backup done
[2026-07-30_182001] BazaarNama gdrive backup start
2026/07/30 18:24:03 NOTICE: app/ml_models/scalers/NAS100/xgboost_scaler.joblib: Duplicate object found in destination - ignoring
2026/07/30 18:24:03 NOTICE: app/ml_models/scalers/NZDUSD/lgbm_scaler.joblib: Duplicate object found in destination - ignoring
[2026-07-30_182001] BazaarNama gdrive backup done
[2026-07-30_192001] BazaarNama gdrive backup start
2026/07/30 19:24:53 NOTICE: app/ml_models/scalers/NAS100/lstm_scaler.joblib: Duplicate object found in destination - ignoring
2026/07/30 19:24:53 NOTICE: app/ml_models/scalers/NAS100/xgboost_scaler.joblib: Duplicate object found in destination - ignoring
[2026-07-30_192001] BazaarNama gdrive backup done
[2026-07-30_202001] BazaarNama gdrive backup start
2026/07/30 20:22:58 NOTICE: app/ml_models/scalers/NAS100/xgboost_scaler.joblib: Duplicate object found in destination - ignoring
2026/07/30 20:22:58 NOTICE: app/ml_models/scalers/NZDUSD/lgbm_scaler.joblib: Duplicate object found in destination - ignoring
[2026-07-30_202001] BazaarNama gdrive backup done
[2026-07-30_212001] BazaarNama gdrive backup start
2026/07/30 21:21:51 NOTICE: app/ml_models/scalers/NZDUSD/lgbm_scaler.joblib: Duplicate object found in destination - ignoring
2026/07/30 21:21:51 NOTICE: app/ml_models/scalers/NAS100/xgboost_scaler.joblib: Duplicate object found in destination - ignoring
[2026-07-30_212001] BazaarNama gdrive backup done
[2026-07-30_222001] BazaarNama gdrive backup start
2026/07/30 22:22:58 NOTICE: app/ml_models/scalers/NAS100/xgboost_scaler.joblib: Duplicate object found in destination - ignoring
2026/07/30 22:22:58 NOTICE: app/ml_models/scalers/NZDUSD/lgbm_scaler.joblib: Duplicate object found in destination - ignoring
[2026-07-30_222001] BazaarNama gdrive backup done
[2026-07-30_232001] BazaarNama gdrive backup start
2026/07/30 23:23:41 NOTICE: app/ml_models/scalers/NAS100/xgboost_scaler.joblib: Duplicate object found in destination - ignoring
2026/07/30 23:23:41 NOTICE: app/ml_models/scalers/NZDUSD/lgbm_scaler.joblib: Duplicate object found in destination - ignoring
[2026-07-30_232001] BazaarNama gdrive backup done
[2026-07-31_002001] BazaarNama gdrive backup start
2026/07/31 00:22:52 NOTICE: app/ml_models/scalers/NAS100/lstm_scaler.joblib: Duplicate object found in destination - ignoring
2026/07/31 00:22:52 NOTICE: app/ml_models/scalers/NAS100/xgboost_scaler.joblib: Duplicate object found in destination - ignoring
[2026-07-31_002001] BazaarNama gdrive backup done
[2026-07-31_012001] BazaarNama gdrive backup start
2026/07/31 01:22:59 NOTICE: app/ml_models/scalers/NAS100/xgboost_scaler.joblib: Duplicate object found in destination - ignoring
2026/07/31 01:22:59 NOTICE: app/ml_models/scalers/NZDUSD/lgbm_scaler.joblib: Duplicate object found in destination - ignoring
[2026-07-31_012001] BazaarNama gdrive backup done
[2026-07-31_022001] BazaarNama gdrive backup start
2026/07/31 02:22:50 NOTICE: app/ml_models/scalers/NAS100/lstm_scaler.joblib: Duplicate object found in destination - ignoring
2026/07/31 02:22:50 NOTICE: app/ml_models/scalers/NAS100/xgboost_scaler.joblib: Duplicate object found in destination - ignoring
[2026-07-31_022001] BazaarNama gdrive backup done
[2026-07-31_032001] BazaarNama gdrive backup start
2026/07/31 03:23:01 NOTICE: app/ml_models/scalers/NAS100/xgboost_scaler.joblib: Duplicate object found in destination - ignoring
2026/07/31 03:23:01 NOTICE: app/ml_models/scalers/NZDUSD/lgbm_scaler.joblib: Duplicate object found in destination - ignoring
[2026-07-31_032001] BazaarNama gdrive backup done
[2026-07-31_042001] BazaarNama gdrive backup start
2026/07/31 04:22:57 NOTICE: app/ml_models/scalers/NAS100/xgboost_scaler.joblib: Duplicate object found in destination - ignoring
2026/07/31 04:22:57 NOTICE: app/ml_models/scalers/NZDUSD/lgbm_scaler.joblib: Duplicate object found in destination - ignoring
[2026-07-31_042001] BazaarNama gdrive backup done
[2026-07-31_052001] BazaarNama gdrive backup start
2026/07/31 05:22:00 NOTICE: app/ml_models/scalers/NAS100/lstm_scaler.joblib: Duplicate object found in destination - ignoring
2026/07/31 05:22:00 NOTICE: app/ml_models/scalers/NAS100/xgboost_scaler.joblib: Duplicate object found in destination - ignoring
[2026-07-31_052001] BazaarNama gdrive backup done
[2026-07-31_062001] BazaarNama gdrive backup start
2026/07/31 06:22:57 NOTICE: app/ml_models/scalers/NZDUSD/lgbm_scaler.joblib: Duplicate object found in destination - ignoring
2026/07/31 06:22:57 NOTICE: app/ml_models/scalers/NAS100/xgboost_scaler.joblib: Duplicate object found in destination - ignoring
[2026-07-31_062001] BazaarNama gdrive backup done
[2026-07-31_072001] BazaarNama gdrive backup start
2026/07/31 07:22:50 NOTICE: app/ml_models/scalers/NAS100/lstm_scaler.joblib: Duplicate object found in destination - ignoring
2026/07/31 07:22:50 NOTICE: app/ml_models/scalers/NAS100/xgboost_scaler.joblib: Duplicate object found in destination - ignoring
[2026-07-31_072001] BazaarNama gdrive backup done
[2026-07-31_082001] BazaarNama gdrive backup start
2026/07/31 08:24:51 NOTICE: app/ml_models/scalers/NAS100/lstm_scaler.joblib: Duplicate object found in destination - ignoring
2026/07/31 08:24:51 NOTICE: app/ml_models/scalers/NAS100/xgboost_scaler.joblib: Duplicate object found in destination - ignoring
[2026-07-31_082001] BazaarNama gdrive backup done
[2026-07-31_092001] BazaarNama gdrive backup start
2026/07/31 09:22:48 NOTICE: app/ml_models/scalers/NAS100/xgboost_scaler.joblib: Duplicate object found in destination - ignoring
2026/07/31 09:22:48 NOTICE: app/ml_models/scalers/NZDUSD/lgbm_scaler.joblib: Duplicate object found in destination - ignoring
[2026-07-31_092001] BazaarNama gdrive backup done
[2026-07-31_102001] BazaarNama gdrive backup start
2026/07/31 10:23:00 NOTICE: app/ml_models/scalers/NAS100/lstm_scaler.joblib: Duplicate object found in destination - ignoring
2026/07/31 10:23:00 NOTICE: app/ml_models/scalers/NAS100/xgboost_scaler.joblib: Duplicate object found in destination - ignoring
[2026-07-31_102001] BazaarNama gdrive backup done
[2026-07-31_112002] BazaarNama gdrive backup start
2026/07/31 11:25:20 NOTICE: app/ml_models/scalers/NAS100/xgboost_scaler.joblib: Duplicate object found in destination - ignoring
2026/07/31 11:25:20 NOTICE: app/ml_models/scalers/NZDUSD/lgbm_scaler.joblib: Duplicate object found in destination - ignoring
[2026-07-31_112002] BazaarNama gdrive backup done
[2026-07-31_122001] BazaarNama gdrive backup start
2026/07/31 12:23:06 NOTICE: app/ml_models/scalers/NAS100/xgboost_scaler.joblib: Duplicate object found in destination - ignoring
2026/07/31 12:23:06 NOTICE: app/ml_models/scalers/NZDUSD/lgbm_scaler.joblib: Duplicate object found in destination - ignoring
[2026-07-31_122001] BazaarNama gdrive backup done
[2026-07-31_132001] BazaarNama gdrive backup start
2026/07/31 13:23:12 NOTICE: app/ml_models/scalers/NAS100/lstm_scaler.joblib: Duplicate object found in destination - ignoring
2026/07/31 13:23:12 NOTICE: app/ml_models/scalers/NAS100/xgboost_scaler.joblib: Duplicate object found in destination - ignoring
[2026-07-31_132001] BazaarNama gdrive backup done
[2026-07-31_142001] BazaarNama gdrive backup start
2026/07/31 14:22:53 NOTICE: app/ml_models/scalers/NAS100/lstm_scaler.joblib: Duplicate object found in destination - ignoring
2026/07/31 14:22:53 NOTICE: app/ml_models/scalers/NAS100/xgboost_scaler.joblib: Duplicate object found in destination - ignoring
[2026-07-31_142001] BazaarNama gdrive backup done
[2026-07-31_152001] BazaarNama gdrive backup start
2026/07/31 15:22:05 NOTICE: app/ml_models/scalers/NAS100/xgboost_scaler.joblib: Duplicate object found in destination - ignoring
2026/07/31 15:22:05 NOTICE: app/ml_models/scalers/NZDUSD/lgbm_scaler.joblib: Duplicate object found in destination - ignoring
[2026-07-31_152001] BazaarNama gdrive backup done
[2026-07-31_162001] BazaarNama gdrive backup start
2026/07/31 16:23:00 NOTICE: app/ml_models/scalers/NAS100/xgboost_scaler.joblib: Duplicate object found in destination - ignoring
2026/07/31 16:23:00 NOTICE: app/ml_models/scalers/NZDUSD/lgbm_scaler.joblib: Duplicate object found in destination - ignoring
[2026-07-31_162001] BazaarNama gdrive backup done
[2026-07-31_172001] BazaarNama gdrive backup start
2026/07/31 17:21:35 NOTICE: app/ml_models/scalers/NAS100/lstm_scaler.joblib: Duplicate object found in destination - ignoring
2026/07/31 17:21:35 NOTICE: app/ml_models/scalers/NAS100/xgboost_scaler.joblib: Duplicate object found in destination - ignoring
[2026-07-31_172001] BazaarNama gdrive backup done
[2026-07-31_182001] BazaarNama gdrive backup start
2026/07/31 18:23:08 NOTICE: app/ml_models/scalers/NAS100/xgboost_scaler.joblib: Duplicate object found in destination - ignoring
2026/07/31 18:23:08 NOTICE: app/ml_models/scalers/NZDUSD/lgbm_scaler.joblib: Duplicate object found in destination - ignoring
[2026-07-31_182001] BazaarNama gdrive backup done
[2026-07-31_192001] BazaarNama gdrive backup start
2026/07/31 19:23:00 NOTICE: app/ml_models/scalers/NAS100/lstm_scaler.joblib: Duplicate object found in destination - ignoring
2026/07/31 19:23:00 NOTICE: app/ml_models/scalers/NAS100/xgboost_scaler.joblib: Duplicate object found in destination - ignoring
[2026-07-31_192001] BazaarNama gdrive backup done
[2026-07-31_202001] BazaarNama gdrive backup start
2026/07/31 20:22:55 NOTICE: app/ml_models/scalers/NZDUSD/lgbm_scaler.joblib: Duplicate object found in destination - ignoring
2026/07/31 20:22:55 NOTICE: app/ml_models/scalers/NAS100/xgboost_scaler.joblib: Duplicate object found in destination - ignoring
[2026-07-31_202001] BazaarNama gdrive backup done
[2026-07-31_212001] BazaarNama gdrive backup start
2026/07/31 21:22:56 NOTICE: app/ml_models/scalers/NAS100/xgboost_scaler.joblib: Duplicate object found in destination - ignoring
2026/07/31 21:22:56 NOTICE: app/ml_models/scalers/NZDUSD/lgbm_scaler.joblib: Duplicate object found in destination - ignoring
[2026-07-31_212001] BazaarNama gdrive backup done
[2026-07-31_222001] BazaarNama gdrive backup start
2026/07/31 22:23:01 NOTICE: app/ml_models/scalers/NAS100/xgboost_scaler.joblib: Duplicate object found in destination - ignoring
2026/07/31 22:23:01 NOTICE: app/ml_models/scalers/NZDUSD/lgbm_scaler.joblib: Duplicate object found in destination - ignoring
[2026-07-31_222001] BazaarNama gdrive backup done
[2026-07-31_232001] BazaarNama gdrive backup start
2026/07/31 23:22:56 NOTICE: app/ml_models/scalers/NAS100/lstm_scaler.joblib: Duplicate object found in destination - ignoring
2026/07/31 23:22:56 NOTICE: app/ml_models/scalers/NAS100/xgboost_scaler.joblib: Duplicate object found in destination - ignoring
[2026-07-31_232001] BazaarNama gdrive backup done
[2026-08-01_002001] BazaarNama gdrive backup start
2026/08/01 00:23:01 NOTICE: app/ml_models/scalers/NAS100/xgboost_scaler.joblib: Duplicate object found in destination - ignoring
2026/08/01 00:23:01 NOTICE: app/ml_models/scalers/NZDUSD/lgbm_scaler.joblib: Duplicate object found in destination - ignoring
[2026-08-01_002001] BazaarNama gdrive backup done
[2026-08-01_012001] BazaarNama gdrive backup start
2026/08/01 01:22:53 NOTICE: app/ml_models/scalers/NZDUSD/lgbm_scaler.joblib: Duplicate object found in destination - ignoring
2026/08/01 01:22:53 NOTICE: app/ml_models/scalers/NAS100/xgboost_scaler.joblib: Duplicate object found in destination - ignoring
[2026-08-01_012001] BazaarNama gdrive backup done
[2026-08-01_022001] BazaarNama gdrive backup start
2026/08/01 02:22:50 NOTICE: app/ml_models/scalers/NAS100/xgboost_scaler.joblib: Duplicate object found in destination - ignoring
2026/08/01 02:22:50 NOTICE: app/ml_models/scalers/NZDUSD/lgbm_scaler.joblib: Duplicate object found in destination - ignoring
[2026-08-01_022001] BazaarNama gdrive backup done
[2026-08-01_032001] BazaarNama gdrive backup start
2026/08/01 03:21:01 NOTICE: app/ml_models/scalers/NAS100/lstm_scaler.joblib: Duplicate object found in destination - ignoring
2026/08/01 03:21:01 NOTICE: app/ml_models/scalers/NAS100/xgboost_scaler.joblib: Duplicate object found in destination - ignoring
[2026-08-01_032001] BazaarNama gdrive backup done
[2026-08-01_042001] BazaarNama gdrive backup start
2026/08/01 04:21:01 NOTICE: app/ml_models/scalers/NAS100/xgboost_scaler.joblib: Duplicate object found in destination - ignoring
2026/08/01 04:21:01 NOTICE: app/ml_models/scalers/NZDUSD/lgbm_scaler.joblib: Duplicate object found in destination - ignoring
[2026-08-01_042001] BazaarNama gdrive backup done
[2026-08-01_052001] BazaarNama gdrive backup start
2026/08/01 05:20:59 NOTICE: app/ml_models/scalers/NAS100/xgboost_scaler.joblib: Duplicate object found in destination - ignoring
2026/08/01 05:20:59 NOTICE: app/ml_models/scalers/NZDUSD/lgbm_scaler.joblib: Duplicate object found in destination - ignoring
[2026-08-01_052001] BazaarNama gdrive backup done
[2026-08-01_062002] BazaarNama gdrive backup start
2026/08/01 06:21:02 NOTICE: app/ml_models/scalers/NAS100/xgboost_scaler.joblib: Duplicate object found in destination - ignoring
2026/08/01 06:21:02 NOTICE: app/ml_models/scalers/NZDUSD/lgbm_scaler.joblib: Duplicate object found in destination - ignoring
[2026-08-01_062002] BazaarNama gdrive backup done
[2026-08-01_072001] BazaarNama gdrive backup start
2026/08/01 07:21:00 NOTICE: app/ml_models/scalers/NAS100/xgboost_scaler.joblib: Duplicate object found in destination - ignoring
2026/08/01 07:21:00 NOTICE: app/ml_models/scalers/NZDUSD/lgbm_scaler.joblib: Duplicate object found in destination - ignoring
[2026-08-01_072001] BazaarNama gdrive backup done
[2026-08-01_082001] BazaarNama gdrive backup start
2026/08/01 08:21:02 NOTICE: app/ml_models/scalers/NZDUSD/lgbm_scaler.joblib: Duplicate object found in destination - ignoring
2026/08/01 08:21:02 NOTICE: app/ml_models/scalers/NAS100/xgboost_scaler.joblib: Duplicate object found in destination - ignoring
[2026-08-01_082001] BazaarNama gdrive backup done
[2026-08-01_092001] BazaarNama gdrive backup start
2026/08/01 09:21:06 NOTICE: app/ml_models/scalers/NZDUSD/lgbm_scaler.joblib: Duplicate object found in destination - ignoring
2026/08/01 09:21:06 NOTICE: app/ml_models/scalers/NAS100/xgboost_scaler.joblib: Duplicate object found in destination - ignoring
[2026-08-01_092001] BazaarNama gdrive backup done
[2026-08-01_102001] BazaarNama gdrive backup start
2026/08/01 10:21:02 NOTICE: app/ml_models/scalers/NAS100/xgboost_scaler.joblib: Duplicate object found in destination - ignoring
2026/08/01 10:21:02 NOTICE: app/ml_models/scalers/NZDUSD/lgbm_scaler.joblib: Duplicate object found in destination - ignoring
[2026-08-01_102001] BazaarNama gdrive backup done
[2026-08-01_112001] BazaarNama gdrive backup start
2026/08/01 11:21:05 NOTICE: app/ml_models/scalers/NZDUSD/lgbm_scaler.joblib: Duplicate object found in destination - ignoring
2026/08/01 11:21:05 NOTICE: app/ml_models/scalers/NAS100/xgboost_scaler.joblib: Duplicate object found in destination - ignoring
[2026-08-01_112001] BazaarNama gdrive backup done
[2026-08-01_122001] BazaarNama gdrive backup start
2026/08/01 12:21:04 NOTICE: app/ml_models/scalers/NAS100/xgboost_scaler.joblib: Duplicate object found in destination - ignoring
2026/08/01 12:21:04 NOTICE: app/ml_models/scalers/NZDUSD/lgbm_scaler.joblib: Duplicate object found in destination - ignoring
[2026-08-01_122001] BazaarNama gdrive backup done
[2026-08-01_132001] BazaarNama gdrive backup start
2026/08/01 13:23:02 NOTICE: app/ml_models/scalers/NAS100/lstm_scaler.joblib: Duplicate object found in destination - ignoring
2026/08/01 13:23:02 NOTICE: app/ml_models/scalers/NAS100/xgboost_scaler.joblib: Duplicate object found in destination - ignoring
[2026-08-01_132001] BazaarNama gdrive backup done
[2026-08-01_142001] BazaarNama gdrive backup start
2026/08/01 14:21:15 NOTICE: app/ml_models/scalers/NAS100/xgboost_scaler.joblib: Duplicate object found in destination - ignoring
2026/08/01 14:21:15 NOTICE: app/ml_models/scalers/NZDUSD/lgbm_scaler.joblib: Duplicate object found in destination - ignoring
[2026-08-01_142001] BazaarNama gdrive backup done
[2026-08-01_152001] BazaarNama gdrive backup start
2026/08/01 15:21:03 NOTICE: app/ml_models/scalers/NAS100/xgboost_scaler.joblib: Duplicate object found in destination - ignoring
2026/08/01 15:21:03 NOTICE: app/ml_models/scalers/NZDUSD/lgbm_scaler.joblib: Duplicate object found in destination - ignoring
[2026-08-01_152001] BazaarNama gdrive backup done
[2026-08-01_162001] BazaarNama gdrive backup start
2026/08/01 16:21:02 NOTICE: app/ml_models/scalers/NAS100/xgboost_scaler.joblib: Duplicate object found in destination - ignoring
2026/08/01 16:21:02 NOTICE: app/ml_models/scalers/NZDUSD/lgbm_scaler.joblib: Duplicate object found in destination - ignoring
[2026-08-01_162001] BazaarNama gdrive backup done
[2026-08-01_172001] BazaarNama gdrive backup start
2026/08/01 17:21:01 NOTICE: app/ml_models/scalers/NAS100/xgboost_scaler.joblib: Duplicate object found in destination - ignoring
2026/08/01 17:21:01 NOTICE: app/ml_models/scalers/NZDUSD/lgbm_scaler.joblib: Duplicate object found in destination - ignoring
[2026-08-01_172001] BazaarNama gdrive backup done
[2026-08-01_182001] BazaarNama gdrive backup start
2026/08/01 18:21:02 NOTICE: app/ml_models/scalers/NAS100/lstm_scaler.joblib: Duplicate object found in destination - ignoring
2026/08/01 18:21:02 NOTICE: app/ml_models/scalers/NAS100/xgboost_scaler.joblib: Duplicate object found in destination - ignoring
[2026-08-01_182001] BazaarNama gdrive backup done
[2026-08-01_192001] BazaarNama gdrive backup start
2026/08/01 19:21:03 NOTICE: app/ml_models/scalers/NAS100/xgboost_scaler.joblib: Duplicate object found in destination - ignoring
2026/08/01 19:21:03 NOTICE: app/ml_models/scalers/NZDUSD/lgbm_scaler.joblib: Duplicate object found in destination - ignoring
[2026-08-01_192001] BazaarNama gdrive backup done
[2026-08-01_202001] BazaarNama gdrive backup start
2026/08/01 20:21:02 NOTICE: app/ml_models/scalers/NZDUSD/lgbm_scaler.joblib: Duplicate object found in destination - ignoring
2026/08/01 20:21:02 NOTICE: app/ml_models/scalers/NAS100/xgboost_scaler.joblib: Duplicate object found in destination - ignoring
[2026-08-01_202001] BazaarNama gdrive backup done
[2026-08-01_212001] BazaarNama gdrive backup start
2026/08/01 21:21:10 NOTICE: app/ml_models/scalers/NAS100/xgboost_scaler.joblib: Duplicate object found in destination - ignoring
2026/08/01 21:21:10 NOTICE: app/ml_models/scalers/NZDUSD/lgbm_scaler.joblib: Duplicate object found in destination - ignoring
[2026-08-01_212001] BazaarNama gdrive backup done
[2026-08-01_222001] BazaarNama gdrive backup start
2026/08/01 22:21:02 NOTICE: app/ml_models/scalers/NAS100/xgboost_scaler.joblib: Duplicate object found in destination - ignoring
2026/08/01 22:21:02 NOTICE: app/ml_models/scalers/NZDUSD/lgbm_scaler.joblib: Duplicate object found in destination - ignoring
[2026-08-01_222001] BazaarNama gdrive backup done
[2026-08-01_232001] BazaarNama gdrive backup start
2026/08/01 23:21:09 NOTICE: app/ml_models/scalers/NAS100/lstm_scaler.joblib: Duplicate object found in destination - ignoring
2026/08/01 23:21:09 NOTICE: app/ml_models/scalers/NAS100/xgboost_scaler.joblib: Duplicate object found in destination - ignoring
[2026-08-01_232001] BazaarNama gdrive backup done
[2026-08-02_002001] BazaarNama gdrive backup start
2026/08/02 00:21:01 NOTICE: app/ml_models/scalers/NAS100/lstm_scaler.joblib: Duplicate object found in destination - ignoring
2026/08/02 00:21:01 NOTICE: app/ml_models/scalers/NAS100/xgboost_scaler.joblib: Duplicate object found in destination - ignoring
[2026-08-02_002001] BazaarNama gdrive backup done
[2026-08-02_012001] BazaarNama gdrive backup start
2026/08/02 01:21:14 NOTICE: app/ml_models/scalers/NZDUSD/lgbm_scaler.joblib: Duplicate object found in destination - ignoring
2026/08/02 01:21:14 NOTICE: app/ml_models/scalers/NAS100/xgboost_scaler.joblib: Duplicate object found in destination - ignoring
[2026-08-02_012001] BazaarNama gdrive backup done
[2026-08-02_022001] BazaarNama gdrive backup start
2026/08/02 02:21:10 NOTICE: app/ml_models/scalers/NAS100/lstm_scaler.joblib: Duplicate object found in destination - ignoring
2026/08/02 02:21:10 NOTICE: app/ml_models/scalers/NAS100/xgboost_scaler.joblib: Duplicate object found in destination - ignoring
[2026-08-02_022001] BazaarNama gdrive backup done
[2026-08-02_032001] BazaarNama gdrive backup start
2026/08/02 03:21:00 NOTICE: app/ml_models/scalers/NAS100/lstm_scaler.joblib: Duplicate object found in destination - ignoring
2026/08/02 03:21:00 NOTICE: app/ml_models/scalers/NAS100/xgboost_scaler.joblib: Duplicate object found in destination - ignoring
[2026-08-02_032001] BazaarNama gdrive backup done
[2026-08-02_042001] BazaarNama gdrive backup start
2026/08/02 04:20:59 NOTICE: app/ml_models/scalers/NAS100/xgboost_scaler.joblib: Duplicate object found in destination - ignoring
2026/08/02 04:20:59 NOTICE: app/ml_models/scalers/NZDUSD/lgbm_scaler.joblib: Duplicate object found in destination - ignoring
[2026-08-02_042001] BazaarNama gdrive backup done
[2026-08-02_052001] BazaarNama gdrive backup start
2026/08/02 05:21:07 NOTICE: app/ml_models/scalers/NAS100/xgboost_scaler.joblib: Duplicate object found in destination - ignoring
2026/08/02 05:21:07 NOTICE: app/ml_models/scalers/NZDUSD/lgbm_scaler.joblib: Duplicate object found in destination - ignoring
[2026-08-02_052001] BazaarNama gdrive backup done
[2026-08-02_062001] BazaarNama gdrive backup start
2026/08/02 06:21:02 NOTICE: app/ml_models/scalers/NAS100/xgboost_scaler.joblib: Duplicate object found in destination - ignoring
2026/08/02 06:21:02 NOTICE: app/ml_models/scalers/NZDUSD/lgbm_scaler.joblib: Duplicate object found in destination - ignoring
[2026-08-02_062001] BazaarNama gdrive backup done
[2026-08-02_072001] BazaarNama gdrive backup start
2026/08/02 07:21:03 NOTICE: app/ml_models/scalers/NAS100/lstm_scaler.joblib: Duplicate object found in destination - ignoring
2026/08/02 07:21:03 NOTICE: app/ml_models/scalers/NAS100/xgboost_scaler.joblib: Duplicate object found in destination - ignoring
[2026-08-02_072001] BazaarNama gdrive backup done
[2026-08-02_082001] BazaarNama gdrive backup start
2026/08/02 08:21:02 NOTICE: app/ml_models/scalers/NAS100/xgboost_scaler.joblib: Duplicate object found in destination - ignoring
2026/08/02 08:21:02 NOTICE: app/ml_models/scalers/NZDUSD/lgbm_scaler.joblib: Duplicate object found in destination - ignoring
[2026-08-02_082001] BazaarNama gdrive backup done
[2026-08-02_092001] BazaarNama gdrive backup start
2026/08/02 09:21:02 NOTICE: app/ml_models/scalers/NAS100/xgboost_scaler.joblib: Duplicate object found in destination - ignoring
2026/08/02 09:21:02 NOTICE: app/ml_models/scalers/NZDUSD/lgbm_scaler.joblib: Duplicate object found in destination - ignoring
[2026-08-02_092001] BazaarNama gdrive backup done
[2026-08-02_102001] BazaarNama gdrive backup start
2026/08/02 10:21:07 NOTICE: app/ml_models/scalers/NAS100/xgboost_scaler.joblib: Duplicate object found in destination - ignoring
2026/08/02 10:21:07 NOTICE: app/ml_models/scalers/NZDUSD/lgbm_scaler.joblib: Duplicate object found in destination - ignoring
[2026-08-02_102001] BazaarNama gdrive backup done
[2026-08-02_112001] BazaarNama gdrive backup start
2026/08/02 11:20:59 NOTICE: app/ml_models/scalers/NAS100/xgboost_scaler.joblib: Duplicate object found in destination - ignoring
2026/08/02 11:20:59 NOTICE: app/ml_models/scalers/NZDUSD/lgbm_scaler.joblib: Duplicate object found in destination - ignoring
[2026-08-02_112001] BazaarNama gdrive backup done
[2026-08-02_122001] BazaarNama gdrive backup start
2026/08/02 12:21:04 NOTICE: app/ml_models/scalers/NAS100/xgboost_scaler.joblib: Duplicate object found in destination - ignoring
2026/08/02 12:21:04 NOTICE: app/ml_models/scalers/NZDUSD/lgbm_scaler.joblib: Duplicate object found in destination - ignoring
[2026-08-02_122001] BazaarNama gdrive backup done
[2026-08-02_132001] BazaarNama gdrive backup start
2026/08/02 13:20:56 NOTICE: app/ml_models/scalers/NZDUSD/lgbm_scaler.joblib: Duplicate object found in destination - ignoring
2026/08/02 13:20:56 NOTICE: app/ml_models/scalers/NAS100/xgboost_scaler.joblib: Duplicate object found in destination - ignoring
2026/08/02 13:22:35 ERROR : Attempt 2/3 succeeded
[2026-08-02_132001] BazaarNama gdrive backup done
[2026-08-02_142001] BazaarNama gdrive backup start
2026/08/02 14:21:02 NOTICE: app/ml_models/scalers/NAS100/xgboost_scaler.joblib: Duplicate object found in destination - ignoring
2026/08/02 14:21:02 NOTICE: app/ml_models/scalers/NZDUSD/lgbm_scaler.joblib: Duplicate object found in destination - ignoring
[2026-08-02_142001] BazaarNama gdrive backup done
[2026-08-02_152001] BazaarNama gdrive backup start
2026/08/02 15:21:01 NOTICE: app/ml_models/scalers/NAS100/xgboost_scaler.joblib: Duplicate object found in destination - ignoring
2026/08/02 15:21:01 NOTICE: app/ml_models/scalers/NZDUSD/lgbm_scaler.joblib: Duplicate object found in destination - ignoring
[2026-08-02_152001] BazaarNama gdrive backup done
[2026-08-02_162001] BazaarNama gdrive backup start
2026/08/02 16:21:01 NOTICE: app/ml_models/scalers/NZDUSD/lgbm_scaler.joblib: Duplicate object found in destination - ignoring
2026/08/02 16:21:01 NOTICE: app/ml_models/scalers/NAS100/xgboost_scaler.joblib: Duplicate object found in destination - ignoring
[2026-08-02_162001] BazaarNama gdrive backup done
[2026-08-02_172001] BazaarNama gdrive backup start
2026/08/02 17:21:01 NOTICE: app/ml_models/scalers/NAS100/xgboost_scaler.joblib: Duplicate object found in destination - ignoring
2026/08/02 17:21:01 NOTICE: app/ml_models/scalers/NZDUSD/lgbm_scaler.joblib: Duplicate object found in destination - ignoring
[2026-08-02_172001] BazaarNama gdrive backup done
[2026-08-02_182001] BazaarNama gdrive backup start
2026/08/02 18:20:58 NOTICE: app/ml_models/scalers/NAS100/xgboost_scaler.joblib: Duplicate object found in destination - ignoring
2026/08/02 18:20:58 NOTICE: app/ml_models/scalers/NZDUSD/lgbm_scaler.joblib: Duplicate object found in destination - ignoring
[2026-08-02_182001] BazaarNama gdrive backup done
[2026-08-02_192001] BazaarNama gdrive backup start
2026/08/02 19:21:05 NOTICE: app/ml_models/scalers/NAS100/xgboost_scaler.joblib: Duplicate object found in destination - ignoring
2026/08/02 19:21:05 NOTICE: app/ml_models/scalers/NZDUSD/lgbm_scaler.joblib: Duplicate object found in destination - ignoring
[2026-08-02_192001] BazaarNama gdrive backup done
[2026-08-02_202001] BazaarNama gdrive backup start
2026/08/02 20:21:01 NOTICE: app/ml_models/scalers/NAS100/xgboost_scaler.joblib: Duplicate object found in destination - ignoring
2026/08/02 20:21:01 NOTICE: app/ml_models/scalers/NZDUSD/lgbm_scaler.joblib: Duplicate object found in destination - ignoring
[2026-08-02_202001] BazaarNama gdrive backup done
[2026-08-02_212001] BazaarNama gdrive backup start
2026/08/02 21:21:03 NOTICE: app/ml_models/scalers/NZDUSD/lgbm_scaler.joblib: Duplicate object found in destination - ignoring
2026/08/02 21:21:03 NOTICE: app/ml_models/scalers/NAS100/xgboost_scaler.joblib: Duplicate object found in destination - ignoring
[2026-08-02_212001] BazaarNama gdrive backup done
